te_estimator,window_size,field_def,cmi_regimes,threshold_mode,sink_mode,orig_pnl,best_pnl,best_thr_bot,best_thr_top,best_cooldown,alpha_bh,n_trades,win_rate,elapsed_s
binning,20,analogical,2,fixed,score_component,2.27,392.37,0.6,0.65,0,306.3,10,0.0,64.2
kde,20,analogical,2,fixed,score_component,2.27,392.37,0.6,0.65,0,306.3,10,0.0,187.6
binning,20,analogical,3,fixed,filter_and,-4.42,387.92,0.45,0.65,0,301.85,10,0.0,64.8
kde,20,analogical,3,fixed,filter_and,-4.42,387.92,0.45,0.65,0,301.85,10,0.0,169.3
binning,20,analogical,3,fixed,score_component,14.04,375.82,0.45,0.7,48,289.75,10,0.0,65.6
kde,20,analogical,3,fixed,score_component,14.04,375.82,0.45,0.7,48,289.75,10,0.0,210.7
binning,30,jacobian,2,fixed,score_component,6.81,355.18,0.65,0.7,24,269.11,14,100.0,81.8
kde,30,jacobian,2,fixed,score_component,6.81,355.18,0.65,0.7,24,269.11,14,100.0,169.3
binning,20,jacobian,3,fixed,score_component,-12.68,351.56,0.65,0.7,96,265.49,22,50.0,66.0
kde,20,jacobian,3,fixed,score_component,-12.68,351.56,0.65,0.7,96,265.49,22,50.0,170.9
binning,30,analogical,3,fixed,score_component,-5.78,349.57,0.45,0.65,24,263.5,10,0.0,81.9
kde,30,analogical,3,fixed,score_component,-5.78,349.57,0.45,0.65,24,263.5,10,0.0,170.4
binning,20,jacobian,2,fixed,score_component,6.38,347.84,0.6,0.7,96,261.77,10,0.0,66.6
kde,20,jacobian,2,fixed,score_component,6.38,347.84,0.6,0.7,96,261.77,10,0.0,172.9
binning,15,jacobian,3,fixed,score_component,300.89,346.67,0.45,0.65,24,260.6,10,0.0,55.8
kde,15,jacobian,3,fixed,score_component,300.89,346.67,0.45,0.65,24,260.6,10,0.0,160.2
binning,15,jacobian,2,fixed,score_component,193.01,337.56,0.45,0.65,24,251.49,10,0.0,55.4
kde,15,jacobian,2,fixed,score_component,193.01,337.56,0.45,0.65,24,251.49,10,0.0,160.2
binning,20,analogical,2,fixed,filter_and,-3.03,335.51,0.45,0.65,0,249.44,10,0.0,63.7
kde,20,analogical,2,fixed,filter_and,-3.03,335.51,0.45,0.65,0,249.44,10,0.0,203.8
binning,15,jacobian,2,adaptive_percentile,filter_and,4.73,328.87,0.65,0.45,0,242.8,520,37.7,60.2
kde,15,jacobian,2,adaptive_percentile,filter_and,4.73,328.87,0.65,0.45,0,242.8,520,37.7,152.2
binning,30,jacobian,3,adaptive_percentile,filter_and,-3.46,321.93,0.7,0.45,0,235.86,269,50.4,86.0
kde,30,jacobian,3,adaptive_percentile,filter_and,-3.46,321.93,0.7,0.45,0,235.86,269,50.4,174.6
binning,15,jacobian,3,adaptive_percentile,score_component,-10.46,313.44,0.7,0.65,0,227.37,908,30.8,65.0
kde,15,jacobian,3,adaptive_percentile,score_component,-10.46,313.44,0.7,0.65,0,227.37,908,30.8,179.0
binning,15,jacobian,3,adaptive_percentile,filter_and,3.66,312.98,0.65,0.45,0,226.91,537,38.0,60.6
kde,15,jacobian,3,adaptive_percentile,filter_and,3.66,312.98,0.65,0.45,0,226.91,537,38.0,177.0
binning,30,jacobian,3,fixed,filter_and,171.34,310.2,0.65,0.7,0,224.13,10,0.0,81.6
kde,30,jacobian,3,fixed,filter_and,171.34,310.2,0.65,0.7,0,224.13,10,0.0,168.0
binning,30,jacobian,3,fixed,score_component,-6.84,305.58,0.65,0.7,96,219.51,14,50.0,83.4
kde,30,jacobian,3,fixed,score_component,-6.84,305.58,0.65,0.7,96,219.51,14,50.0,171.3
binning,30,analogical,2,fixed,score_component,0.93,298.55,0.45,0.6,0,212.48,10,0.0,81.3
kde,30,analogical,2,fixed,score_component,0.93,298.55,0.45,0.6,0,212.48,10,0.0,168.7
binning,30,analogical,3,fixed,filter_and,21.73,293.83,0.45,0.6,0,207.76,10,0.0,82.2
kde,30,analogical,3,fixed,filter_and,21.73,293.83,0.45,0.6,0,207.76,10,0.0,168.9
binning,15,jacobian,2,adaptive_percentile,score_component,-15.32,291.1,0.7,0.65,0,205.03,898,30.7,64.4
kde,15,jacobian,2,adaptive_percentile,score_component,-15.32,291.1,0.7,0.65,0,205.03,898,30.7,156.5
binning,30,jacobian,2,fixed,filter_and,69.68,280.51,0.45,0.7,24,194.44,10,0.0,79.9
kde,30,jacobian,2,fixed,filter_and,69.68,280.51,0.45,0.7,24,194.44,10,0.0,169.4
binning,20,jacobian,2,fixed,filter_and,68.58,277.62,0.6,0.7,24,191.55,10,0.0,63.9
kde,20,jacobian,2,fixed,filter_and,68.58,277.62,0.6,0.7,24,191.55,10,0.0,172.4
binning,20,jacobian,3,fixed,filter_and,44.6,274.86,0.6,0.7,24,188.79,14,50.0,65.2
kde,20,jacobian,3,fixed,filter_and,44.6,274.86,0.6,0.7,24,188.79,14,50.0,169.0
binning,30,jacobian,2,adaptive_percentile,filter_and,-4.8,271.77,0.7,0.6,0,185.7,287,49.7,85.3
kde,30,jacobian,2,adaptive_percentile,filter_and,-4.8,271.77,0.7,0.6,0,185.7,287,49.7,174.5
binning,15,jacobian,3,fixed,filter_and,93.56,249.26,0.45,0.65,0,163.19,10,0.0,55.3
kde,15,jacobian,3,fixed,filter_and,93.56,249.26,0.45,0.65,0,163.19,10,0.0,159.7
binning,20,jacobian,3,adaptive_percentile,filter_and,2.85,248.39,0.65,0.45,0,162.32,350,37.3,70.1
kde,20,jacobian,3,adaptive_percentile,filter_and,2.85,248.39,0.65,0.45,0,162.32,350,37.3,176.2
knn,30,jacobian,3,adaptive_percentile,filter_and,3.43,246.21,0.7,0.6,0,160.14,625,38.1,131.7
binning,20,jacobian,2,adaptive_percentile,score_component,-12.52,237.32,0.65,0.6,0,151.25,924,26.4,71.4
kde,20,jacobian,2,adaptive_percentile,score_component,-12.52,237.32,0.65,0.6,0,151.25,924,26.4,174.4
binning,30,jacobian,2,adaptive_percentile,score_component,-22.43,232.96,0.6,0.7,96,146.89,90,75.0,89.0
kde,30,jacobian,2,adaptive_percentile,score_component,-22.43,232.96,0.6,0.7,96,146.89,90,75.0,176.7
binning,30,jacobian,3,adaptive_percentile,score_component,-31.07,228.53,0.45,0.7,96,142.46,89,75.0,89.1
kde,30,jacobian,3,adaptive_percentile,score_component,-31.07,228.53,0.45,0.7,96,142.46,89,75.0,178.5
binning,20,jacobian,2,adaptive_percentile,filter_and,-4.89,218.06,0.65,0.45,0,131.99,364,34.6,69.8
kde,20,jacobian,2,adaptive_percentile,filter_and,-4.89,218.06,0.65,0.45,0,131.99,364,34.6,189.3
binning,15,jacobian,2,fixed,filter_and,74.16,210.68,0.45,0.65,0,124.61,10,0.0,55.7
kde,15,jacobian,2,fixed,filter_and,74.16,210.68,0.45,0.65,0,124.61,10,0.0,159.1
binning,20,jacobian,3,adaptive_percentile,score_component,-11.46,205.91,0.65,0.7,96,119.84,101,66.7,72.1
kde,20,jacobian,3,adaptive_percentile,score_component,-11.46,205.91,0.65,0.7,96,119.84,101,66.7,178.8
knn,30,jacobian,2,adaptive_percentile,filter_and,-4.8,205.3,0.7,0.7,96,119.23,89,72.7,195.0
knn,20,jacobian,2,adaptive_percentile,filter_and,2.32,201.66,0.45,0.45,96,115.59,107,66.0,124.5
binning,30,analogical,2,adaptive_percentile,filter_and,-5.43,200.02,0.6,0.7,24,113.95,153,67.5,86.9
kde,30,analogical,2,adaptive_percentile,filter_and,-5.43,200.02,0.6,0.7,24,113.95,153,67.5,173.6
knn,20,jacobian,3,adaptive_percentile,filter_and,-9.88,198.13,0.45,0.65,96,112.06,101,74.5,106.1
binning,10,jacobian,2,adaptive_percentile,filter_and,-12.57,195.36,0.45,0.7,24,109.29,211,53.3,56.5
binning,10,jacobian,3,adaptive_percentile,filter_and,-12.57,195.36,0.45,0.7,24,109.29,211,53.3,55.7
kde,10,jacobian,2,adaptive_percentile,filter_and,-12.57,195.36,0.45,0.7,24,109.29,211,53.3,221.1
kde,10,jacobian,3,adaptive_percentile,filter_and,-12.57,195.36,0.45,0.7,24,109.29,211,53.3,246.5
binning,30,analogical,3,adaptive_percentile,filter_and,-7.77,193.64,0.45,0.7,24,107.57,149,68.0,86.9
kde,30,analogical,3,adaptive_percentile,filter_and,-7.77,193.64,0.45,0.7,24,107.57,149,68.0,174.8
binning,15,analogical,2,adaptive_percentile,score_component,-30.28,191.98,0.6,0.65,48,105.91,420,45.3,67.4
kde,15,analogical,2,adaptive_percentile,score_component,-30.28,191.98,0.6,0.65,48,105.91,420,45.3,198.7
knn,15,jacobian,2,adaptive_percentile,filter_and,1.48,191.25,0.6,0.7,96,105.18,138,63.8,128.9
knn,15,jacobian,3,adaptive_percentile,filter_and,1.48,191.25,0.6,0.7,96,105.18,138,63.8,124.1
binning,15,analogical,3,adaptive_percentile,score_component,-30.29,188.79,0.45,0.45,48,102.72,459,44.9,66.4
kde,15,analogical,3,adaptive_percentile,score_component,-30.29,188.79,0.45,0.45,48,102.72,459,44.9,210.3
binning,20,analogical,2,adaptive_percentile,score_component,-24.1,186.76,0.65,0.7,48,100.69,285,51.0,73.5
kde,20,analogical,2,adaptive_percentile,score_component,-24.1,186.76,0.65,0.7,48,100.69,285,51.0,236.1
binning,20,analogical,2,adaptive_percentile,filter_and,-5.84,184.63,0.6,0.7,24,98.56,148,60.0,68.6
kde,20,analogical,2,adaptive_percentile,filter_and,-5.84,184.63,0.6,0.7,24,98.56,148,60.0,195.6
binning,30,analogical,2,adaptive_percentile,score_component,-14.95,184.1,0.65,0.7,48,98.03,290,49.7,90.3
kde,30,analogical,2,adaptive_percentile,score_component,-14.95,184.1,0.65,0.7,48,98.03,290,49.7,185.7
binning,20,analogical,3,adaptive_percentile,filter_and,12.29,183.89,0.6,0.7,24,97.82,135,61.8,69.3
kde,20,analogical,3,adaptive_percentile,filter_and,12.29,183.89,0.6,0.7,24,97.82,135,61.8,210.0
binning,15,analogical,2,adaptive_percentile,filter_and,-2.22,181.88,0.6,0.65,24,95.81,214,53.2,59.8
kde,15,analogical,2,adaptive_percentile,filter_and,-2.22,181.88,0.6,0.65,24,95.81,214,53.2,241.8
binning,10,jacobian,2,adaptive_percentile,score_component,-20.23,180.3,0.6,0.6,96,94.23,351,48.0,68.7
binning,10,jacobian,3,adaptive_percentile,score_component,-20.23,180.3,0.6,0.6,96,94.23,351,48.0,68.4
kde,10,jacobian,2,adaptive_percentile,score_component,-20.23,180.3,0.6,0.6,96,94.23,351,48.0,192.6
kde,10,jacobian,3,adaptive_percentile,score_component,-20.23,180.3,0.6,0.6,96,94.23,351,48.0,255.0
binning,15,analogical,3,adaptive_percentile,filter_and,-0.59,179.66,0.65,0.7,24,93.59,187,56.8,61.0
kde,15,analogical,3,adaptive_percentile,filter_and,-0.59,179.66,0.65,0.7,24,93.59,187,56.8,166.8
knn,15,analogical,2,adaptive_percentile,score_component,-5.31,175.27,0.65,0.7,96,89.2,627,39.4,129.1
knn,20,analogical,3,adaptive_percentile,filter_and,-8.39,175.2,0.6,0.7,48,89.13,252,53.1,138.8
binning,30,analogical,3,adaptive_percentile,score_component,-18.29,173.96,0.45,0.6,48,87.89,332,46.2,88.5
kde,30,analogical,3,adaptive_percentile,score_component,-18.29,173.96,0.45,0.6,48,87.89,332,46.2,178.8
knn,30,analogical,2,adaptive_percentile,score_component,-25.32,173.09,0.65,0.7,96,87.02,491,44.0,144.8
knn,15,analogical,3,adaptive_percentile,score_component,-4.93,172.21,0.45,0.7,96,86.14,634,38.4,157.6
binning,20,analogical,3,adaptive_percentile,score_component,-29.47,170.98,0.6,0.65,48,84.91,314,47.5,74.1
kde,20,analogical,3,adaptive_percentile,score_component,-29.47,170.98,0.6,0.65,48,84.91,314,47.5,218.4
knn,30,analogical,3,adaptive_percentile,score_component,-21.97,169.05,0.65,0.7,96,82.98,491,45.2,171.2
knn,30,analogical,3,adaptive_percentile,filter_and,-3.9,168.55,0.6,0.7,48,82.48,252,51.6,206.7
knn,20,jacobian,2,adaptive_percentile,score_component,-24.07,167.48,0.7,0.45,96,81.41,298,50.7,158.8
knn,20,analogical,3,adaptive_percentile,score_component,-21.51,167.23,0.6,0.45,96,81.16,516,40.5,163.6
binning,10,analogical,2,adaptive_percentile,score_component,-24.87,166.3,0.45,0.7,96,80.23,442,41.8,73.3
binning,10,analogical,3,adaptive_percentile,score_component,-24.87,166.3,0.45,0.7,96,80.23,442,41.8,70.3
kde,10,analogical,2,adaptive_percentile,score_component,-24.87,166.3,0.45,0.7,96,80.23,442,41.8,176.9
kde,10,analogical,3,adaptive_percentile,score_component,-24.87,166.3,0.45,0.7,96,80.23,442,41.8,163.5
knn,20,analogical,2,adaptive_percentile,filter_and,-5.65,165.39,0.65,0.7,24,79.32,483,42.3,118.6
knn,20,jacobian,3,adaptive_percentile,score_component,-27.71,165.34,0.7,0.6,96,79.27,300,49.7,124.2
knn,15,analogical,3,adaptive_percentile,filter_and,-0.74,162.3,0.65,0.7,48,76.23,340,48.0,152.1
binning,10,analogical,2,adaptive_percentile,filter_and,-7.66,161.11,0.45,0.7,24,75.04,332,45.6,58.3
binning,10,analogical,3,adaptive_percentile,filter_and,-7.66,161.11,0.45,0.7,24,75.04,332,45.6,62.6
kde,10,analogical,2,adaptive_percentile,filter_and,-7.66,161.11,0.45,0.7,24,75.04,332,45.6,148.2
kde,10,analogical,3,adaptive_percentile,filter_and,-7.66,161.11,0.45,0.7,24,75.04,332,45.6,146.7
knn,15,analogical,2,adaptive_percentile,filter_and,-0.76,160.66,0.6,0.7,48,74.59,338,48.8,98.7
knn,20,analogical,2,adaptive_percentile,score_component,-24.39,159.46,0.45,0.65,96,73.39,510,38.8,144.2
knn,30,analogical,2,adaptive_percentile,filter_and,-4.85,153.29,0.45,0.7,24,67.22,484,39.4,125.5
knn,30,jacobian,3,adaptive_percentile,score_component,-12.82,140.28,0.65,0.65,96,54.21,232,48.3,159.7
knn,30,jacobian,2,adaptive_percentile,score_component,-18.22,138.01,0.7,0.65,96,51.94,229,44.4,175.1
knn,15,jacobian,3,adaptive_percentile,score_component,-2.28,135.58,0.7,0.6,96,49.51,403,42.4,141.4
knn,15,jacobian,2,adaptive_percentile,score_component,-2.2,133.39,0.7,0.7,96,47.32,389,40.4,160.5
binning,30,analogical,2,fixed,filter_and,0.03,63.27,0.45,0.6,0,-22.8,4,0.0,79.9
kde,30,analogical,2,fixed,filter_and,0.03,63.27,0.45,0.6,0,-22.8,4,0.0,167.1
binning,15,analogical,2,fixed,score_component,22.32,15.82,0.45,0.45,0,-70.25,6,100.0,54.8
kde,15,analogical,2,fixed,score_component,22.32,15.82,0.45,0.45,0,-70.25,6,100.0,181.2
binning,15,analogical,3,fixed,score_component,1.67,15.14,0.45,0.45,24,-70.93,1,0.0,57.1
kde,15,analogical,3,fixed,score_component,1.67,15.14,0.45,0.45,24,-70.93,1,0.0,148.9
binning,15,analogical,3,fixed,filter_and,0.0,0.0,0.45,0.45,0,-86.07,0,0.0,55.3
kde,15,analogical,3,fixed,filter_and,0.0,0.0,0.45,0.45,0,-86.07,0,0.0,145.6
