thr_bot,thr_top,cooldown,pnl_pct,portfolio,alpha_bh,n_buy,n_sell,n_trades,n_ign,win_rate,alpha_orig
0.65,0.7,48,186.76,2867.57,100.69,140,145,285,29,51.0,210.86
0.45,0.7,96,182.6,2825.99,96.53,80,82,162,11,63.4,206.7
0.5,0.7,96,182.6,2825.99,96.53,80,82,162,11,63.4,206.7
0.55,0.7,96,182.6,2825.99,96.53,80,82,162,11,63.4,206.7
0.6,0.7,48,177.02,2770.17,90.95,141,145,286,33,51.7,201.12
0.6,0.7,96,176.21,2762.06,90.14,80,82,162,10,58.5,200.31
0.65,0.65,48,176.17,2761.69,90.1,156,164,320,14,42.7,200.27
0.45,0.7,48,174.27,2742.73,88.21,141,145,286,37,51.0,198.37
0.5,0.7,48,174.27,2742.73,88.21,141,145,286,37,51.0,198.37
0.55,0.7,48,174.27,2742.73,88.21,141,145,286,37,51.0,198.37
0.45,0.45,48,169.4,2693.99,83.33,169,176,345,10,44.9,193.5
0.45,0.5,48,169.4,2693.99,83.33,169,176,345,10,44.9,193.5
0.45,0.55,48,169.4,2693.99,83.33,169,176,345,10,44.9,193.5
0.5,0.45,48,169.4,2693.99,83.33,169,176,345,10,44.9,193.5
0.5,0.5,48,169.4,2693.99,83.33,169,176,345,10,44.9,193.5
0.5,0.55,48,169.4,2693.99,83.33,169,176,345,10,44.9,193.5
0.55,0.45,48,169.4,2693.99,83.33,169,176,345,10,44.9,193.5
0.55,0.5,48,169.4,2693.99,83.33,169,176,345,10,44.9,193.5
0.55,0.55,48,169.4,2693.99,83.33,169,176,345,10,44.9,193.5
0.45,0.6,48,164.48,2644.81,78.41,165,171,336,14,44.4,188.58
0.5,0.6,48,164.48,2644.81,78.41,165,171,336,14,44.4,188.58
0.55,0.6,48,164.48,2644.81,78.41,165,171,336,14,44.4,188.58
0.6,0.6,48,162.6,2626.03,76.54,164,171,335,11,45.0,186.7
0.45,0.65,48,161.4,2613.96,75.33,158,164,322,21,44.5,185.5
0.5,0.65,48,161.4,2613.96,75.33,158,164,322,21,44.5,185.5
0.55,0.65,48,161.4,2613.96,75.33,158,164,322,21,44.5,185.5
0.6,0.65,48,155.41,2554.1,69.34,158,164,322,17,43.3,179.51
0.65,0.65,24,154.62,2546.19,68.55,279,290,569,24,35.9,178.72
0.65,0.6,48,153.69,2536.86,67.62,164,171,335,6,45.0,177.79
0.6,0.45,48,151.51,2515.1,65.44,169,176,345,6,46.6,175.61
0.6,0.5,48,151.51,2515.1,65.44,169,176,345,6,46.6,175.61
0.6,0.55,48,151.51,2515.1,65.44,169,176,345,6,46.6,175.61
0.65,0.7,96,148.35,2483.47,62.28,80,82,162,8,56.1,172.45
0.6,0.65,96,147.67,2476.72,61.61,84,86,170,7,44.2,171.77
0.6,0.6,24,145.66,2456.63,59.6,304,317,621,25,34.7,169.76
0.45,0.65,96,143.17,2431.68,57.1,85,86,171,7,52.3,167.27
0.5,0.65,96,143.17,2431.68,57.1,85,86,171,7,52.3,167.27
0.55,0.65,96,143.17,2431.68,57.1,85,86,171,7,52.3,167.27
0.7,0.7,96,135.02,2350.23,48.96,80,81,161,5,49.4,159.12
0.6,0.45,24,133.08,2330.75,47.01,320,336,656,9,32.4,157.18
0.6,0.5,24,133.08,2330.75,47.01,320,336,656,9,32.4,157.18
0.6,0.55,24,133.08,2330.75,47.01,320,336,656,9,32.4,157.18
0.7,0.7,48,133.02,2330.15,46.95,140,144,284,11,45.1,157.12
0.45,0.45,24,127.94,2279.4,41.87,323,336,659,22,33.6,152.04
0.45,0.5,24,127.94,2279.4,41.87,323,336,659,22,33.6,152.04
0.45,0.55,24,127.94,2279.4,41.87,323,336,659,22,33.6,152.04
0.5,0.45,24,127.94,2279.4,41.87,323,336,659,22,33.6,152.04
0.5,0.5,24,127.94,2279.4,41.87,323,336,659,22,33.6,152.04
0.5,0.55,24,127.94,2279.4,41.87,323,336,659,22,33.6,152.04
0.55,0.45,24,127.94,2279.4,41.87,323,336,659,22,33.6,152.04
0.55,0.5,24,127.94,2279.4,41.87,323,336,659,22,33.6,152.04
0.55,0.55,24,127.94,2279.4,41.87,323,336,659,22,33.6,152.04
0.45,0.6,96,122.35,2223.49,36.28,88,89,177,4,49.4,146.45
0.5,0.6,96,122.35,2223.49,36.28,88,89,177,4,49.4,146.45
0.55,0.6,96,122.35,2223.49,36.28,88,89,177,4,49.4,146.45
0.65,0.65,96,121.34,2213.43,35.28,85,86,171,4,48.8,145.44
0.65,0.7,24,118.06,2180.63,32.0,243,252,495,58,34.1,142.16
0.6,0.7,24,113.35,2133.52,27.29,244,252,496,84,33.7,137.45
0.6,0.6,96,110.96,2109.61,24.89,88,89,177,3,46.1,135.06
0.65,0.6,24,108.46,2084.61,22.39,299,314,613,6,32.5,132.56
0.7,0.7,24,106.07,2060.73,20.01,241,251,492,20,29.5,130.17
0.6,0.65,24,105.1,2051.03,19.04,279,291,570,50,31.3,129.2
0.45,0.6,24,103.05,2030.5,16.98,305,317,622,40,31.9,127.15
0.5,0.6,24,103.05,2030.5,16.98,305,317,622,40,31.9,127.15
0.55,0.6,24,103.05,2030.5,16.98,305,317,622,40,31.9,127.15
0.45,0.45,96,92.6,1925.99,6.53,90,90,180,2,51.1,116.7
0.45,0.5,96,92.6,1925.99,6.53,90,90,180,2,51.1,116.7
0.45,0.55,96,92.6,1925.99,6.53,90,90,180,2,51.1,116.7
0.5,0.45,96,92.6,1925.99,6.53,90,90,180,2,51.1,116.7
0.5,0.5,96,92.6,1925.99,6.53,90,90,180,2,51.1,116.7
0.5,0.55,96,92.6,1925.99,6.53,90,90,180,2,51.1,116.7
0.55,0.45,96,92.6,1925.99,6.53,90,90,180,2,51.1,116.7
0.55,0.5,96,92.6,1925.99,6.53,90,90,180,2,51.1,116.7
0.55,0.55,96,92.6,1925.99,6.53,90,90,180,2,51.1,116.7
0.45,0.7,24,88.0,1879.96,1.93,245,252,497,99,32.1,112.1
0.5,0.7,24,88.0,1879.96,1.93,245,252,497,99,32.1,112.1
0.55,0.7,24,88.0,1879.96,1.93,245,252,497,99,32.1,112.1
0.45,0.65,24,87.43,1874.27,1.36,279,291,570,66,30.6,111.53
0.5,0.65,24,87.43,1874.27,1.36,279,291,570,66,30.6,111.53
0.55,0.65,24,87.43,1874.27,1.36,279,291,570,66,30.6,111.53
0.6,0.45,96,82.19,1821.85,-3.88,90,90,180,1,52.2,106.29
0.6,0.5,96,82.19,1821.85,-3.88,90,90,180,1,52.2,106.29
0.6,0.55,96,82.19,1821.85,-3.88,90,90,180,1,52.2,106.29
0.7,0.65,96,73.25,1732.45,-12.82,84,86,170,1,34.9,97.35
0.65,0.45,48,61.22,1612.19,-24.85,169,174,343,3,35.1,85.32
0.65,0.5,48,61.22,1612.19,-24.85,169,174,343,3,35.1,85.32
0.65,0.55,48,61.22,1612.19,-24.85,169,174,343,3,35.1,85.32
0.7,0.7,0,50.61,1506.15,-35.45,627,659,1286,196,25.9,74.71
0.7,0.65,48,35.92,1359.15,-50.15,150,157,307,8,33.8,60.02
0.65,0.7,0,21.11,1211.1,-64.96,646,671,1317,689,27.1,45.21
0.7,0.6,48,20.15,1201.5,-65.92,150,161,311,11,31.7,44.25
0.45,0.6,0,14.23,1142.31,-71.84,1709,1773,3482,1013,23.0,38.33
0.5,0.6,0,14.23,1142.31,-71.84,1709,1773,3482,1013,23.0,38.33
0.55,0.6,0,14.23,1142.31,-71.84,1709,1773,3482,1013,23.0,38.33
0.65,0.45,24,11.2,1112.01,-74.87,301,320,621,17,27.5,35.3
0.65,0.5,24,11.2,1112.01,-74.87,301,320,621,17,27.5,35.3
0.65,0.55,24,11.2,1112.01,-74.87,301,320,621,17,27.5,35.3
0.45,0.7,0,10.04,1100.4,-76.03,648,673,1321,2072,29.9,34.14
0.5,0.7,0,10.04,1100.4,-76.03,648,673,1321,2072,29.9,34.14
0.55,0.7,0,10.04,1100.4,-76.03,648,673,1321,2072,29.9,34.14
0.6,0.7,0,4.73,1047.31,-81.33,648,673,1321,1334,28.8,28.83
0.7,0.6,24,3.9,1039.01,-82.17,260,263,523,55,46.0,28.0
0.45,0.45,0,3.31,1033.15,-82.75,2290,2389,4679,476,20.5,27.41
0.45,0.5,0,3.31,1033.15,-82.75,2290,2389,4679,476,20.5,27.41
0.45,0.55,0,3.31,1033.15,-82.75,2290,2389,4679,476,20.5,27.41
0.5,0.45,0,3.31,1033.15,-82.75,2290,2389,4679,476,20.5,27.41
0.5,0.5,0,3.31,1033.15,-82.75,2290,2389,4679,476,20.5,27.41
0.5,0.55,0,3.31,1033.15,-82.75,2290,2389,4679,476,20.5,27.41
0.55,0.45,0,3.31,1033.15,-82.75,2290,2389,4679,476,20.5,27.41
0.55,0.5,0,3.31,1033.15,-82.75,2290,2389,4679,476,20.5,27.41
0.55,0.55,0,3.31,1033.15,-82.75,2290,2389,4679,476,20.5,27.41
0.7,0.45,48,3.03,1030.29,-83.04,150,149,299,28,50.3,27.13
0.7,0.5,48,3.03,1030.29,-83.04,150,149,299,28,50.3,27.13
0.7,0.55,48,3.03,1030.29,-83.04,150,149,299,28,50.3,27.13
0.65,0.65,0,2.31,1023.06,-83.76,1097,1150,2247,256,21.2,26.41
0.7,0.45,24,1.97,1019.74,-84.09,260,261,521,76,46.7,26.07
0.7,0.5,24,1.97,1019.74,-84.09,260,261,521,76,46.7,26.07
0.7,0.55,24,1.97,1019.74,-84.09,260,261,521,76,46.7,26.07
0.45,0.65,0,1.8,1017.97,-84.27,1128,1169,2297,1593,24.8,25.9
0.5,0.65,0,1.8,1017.97,-84.27,1128,1169,2297,1593,24.8,25.9
0.55,0.65,0,1.8,1017.97,-84.27,1128,1169,2297,1593,24.8,25.9
0.7,0.65,0,1.32,1013.16,-84.75,804,867,1671,308,23.4,25.42
0.7,0.6,96,-0.89,991.08,-86.96,84,84,168,6,51.2,23.21
0.7,0.65,24,-1.33,986.74,-87.39,260,274,534,18,27.7,22.77
0.65,0.45,96,-1.68,983.17,-87.75,88,88,176,3,44.3,22.42
0.65,0.5,96,-1.68,983.17,-87.75,88,88,176,3,44.3,22.42
0.65,0.55,96,-1.68,983.17,-87.75,88,88,176,3,44.3,22.42
0.6,0.6,0,-2.05,979.49,-88.12,1661,1737,3398,359,22.2,22.05
0.65,0.6,96,-2.12,978.78,-88.19,88,88,176,2,44.3,21.98
0.7,0.45,96,-3.78,962.23,-89.84,84,84,168,7,50.0,20.32
0.7,0.5,96,-3.78,962.23,-89.84,84,84,168,7,50.0,20.32
0.7,0.55,96,-3.78,962.23,-89.84,84,84,168,7,50.0,20.32
0.6,0.65,0,-4.77,952.32,-90.83,1124,1167,2291,861,23.0,19.33
0.7,0.6,0,-8.91,910.89,-94.98,809,874,1683,901,31.4,15.19
0.7,0.45,0,-12.24,877.6,-98.31,809,870,1679,1565,34.0,11.86
0.7,0.5,0,-12.24,877.6,-98.31,809,870,1679,1565,34.0,11.86
0.7,0.55,0,-12.24,877.6,-98.31,809,870,1679,1565,34.0,11.86
0.6,0.45,0,-13.99,860.15,-100.05,1953,2078,4031,386,21.1,10.11
0.6,0.5,0,-13.99,860.15,-100.05,1953,2078,4031,386,21.1,10.11
0.6,0.55,0,-13.99,860.15,-100.05,1953,2078,4031,386,21.1,10.11
0.65,0.45,0,-14.34,856.59,-100.41,1333,1441,2774,994,28.7,9.76
0.65,0.5,0,-14.34,856.59,-100.41,1333,1441,2774,994,28.7,9.76
0.65,0.55,0,-14.34,856.59,-100.41,1333,1441,2774,994,28.7,9.76
0.65,0.6,0,-19.89,801.13,-105.95,1326,1423,2749,359,22.6,4.21
