umbral_bot,umbral_top,cooldown,pnl_pct,portfolio,alpha_bh,n_buy,n_sell,n_trades,n_ign,win_rate,alpha_orig
0.1,0.99,24,240.45,3404.55,154.39,16,15,31,9,80.0,178.61
0.15,0.99,24,240.45,3404.55,154.39,16,15,31,9,80.0,178.61
0.2,0.99,24,240.45,3404.55,154.39,16,15,31,9,80.0,178.61
0.25,0.99,24,240.45,3404.55,154.39,16,15,31,9,80.0,178.61
0.3,0.99,24,240.45,3404.55,154.39,16,15,31,9,80.0,178.61
0.1,0.99,48,180.95,2809.53,94.89,11,9,20,2,88.9,119.11
0.15,0.99,48,180.95,2809.53,94.89,11,9,20,2,88.9,119.11
0.2,0.99,48,180.95,2809.53,94.89,11,9,20,2,88.9,119.11
0.25,0.99,48,180.95,2809.53,94.89,11,9,20,2,88.9,119.11
0.3,0.99,48,180.95,2809.53,94.89,11,9,20,2,88.9,119.11
0.1,0.99,72,109.94,2099.4,23.87,9,7,16,0,85.7,48.1
0.15,0.99,72,109.94,2099.4,23.87,9,7,16,0,85.7,48.1
0.2,0.99,72,109.94,2099.4,23.87,9,7,16,0,85.7,48.1
0.25,0.99,72,109.94,2099.4,23.87,9,7,16,0,85.7,48.1
0.3,0.99,72,109.94,2099.4,23.87,9,7,16,0,85.7,48.1
0.1,0.99,0,91.08,1910.85,5.02,34,33,67,261,42.4,29.24
0.15,0.99,0,91.08,1910.85,5.02,34,33,67,261,42.4,29.24
0.2,0.99,0,91.08,1910.85,5.02,34,33,67,261,42.4,29.24
0.25,0.99,0,91.08,1910.85,5.02,34,33,67,261,42.4,29.24
0.3,0.99,0,91.08,1910.85,5.02,34,33,67,261,42.4,29.24
0.001,0.99,0,87.15,1871.52,1.09,15,17,32,16,58.8,25.31
0.1,0.7,0,61.84,1618.42,-24.22,285,304,589,12,23.4,-0.0
0.1,0.75,0,61.84,1618.42,-24.22,285,304,589,12,23.4,-0.0
0.1,0.8,0,61.84,1618.42,-24.22,285,304,589,12,23.4,-0.0
0.1,0.85,0,61.84,1618.42,-24.22,285,304,589,12,23.4,-0.0
0.1,0.9,0,61.84,1618.42,-24.22,285,304,589,12,23.4,-0.0
0.15,0.7,0,61.84,1618.42,-24.22,285,304,589,12,23.4,-0.0
0.15,0.75,0,61.84,1618.42,-24.22,285,304,589,12,23.4,-0.0
0.15,0.8,0,61.84,1618.42,-24.22,285,304,589,12,23.4,-0.0
0.15,0.85,0,61.84,1618.42,-24.22,285,304,589,12,23.4,-0.0
0.15,0.9,0,61.84,1618.42,-24.22,285,304,589,12,23.4,-0.0
0.2,0.7,0,61.84,1618.42,-24.22,285,304,589,12,23.4,-0.0
0.2,0.75,0,61.84,1618.42,-24.22,285,304,589,12,23.4,-0.0
0.2,0.8,0,61.84,1618.42,-24.22,285,304,589,12,23.4,-0.0
0.2,0.85,0,61.84,1618.42,-24.22,285,304,589,12,23.4,-0.0
0.2,0.9,0,61.84,1618.42,-24.22,285,304,589,12,23.4,-0.0
0.25,0.7,0,61.84,1618.42,-24.22,285,304,589,12,23.4,-0.0
0.25,0.75,0,61.84,1618.42,-24.22,285,304,589,12,23.4,-0.0
0.25,0.8,0,61.84,1618.42,-24.22,285,304,589,12,23.4,-0.0
0.25,0.85,0,61.84,1618.42,-24.22,285,304,589,12,23.4,-0.0
0.25,0.9,0,61.84,1618.42,-24.22,285,304,589,12,23.4,-0.0
0.3,0.7,0,61.84,1618.42,-24.22,285,304,589,12,23.4,-0.0
0.3,0.75,0,61.84,1618.42,-24.22,285,304,589,12,23.4,-0.0
0.3,0.8,0,61.84,1618.42,-24.22,285,304,589,12,23.4,-0.0
0.3,0.85,0,61.84,1618.42,-24.22,285,304,589,12,23.4,-0.0
0.3,0.9,0,61.84,1618.42,-24.22,285,304,589,12,23.4,-0.0
0.1,0.99,144,57.54,1575.42,-28.52,5,4,9,0,100.0,-4.3
0.15,0.99,144,57.54,1575.42,-28.52,5,4,9,0,100.0,-4.3
0.2,0.99,144,57.54,1575.42,-28.52,5,4,9,0,100.0,-4.3
0.25,0.99,144,57.54,1575.42,-28.52,5,4,9,0,100.0,-4.3
0.3,0.99,144,57.54,1575.42,-28.52,5,4,9,0,100.0,-4.3
0.1,0.7,24,52.56,1525.58,-33.51,25,24,49,1,50.0,-9.28
0.1,0.75,24,52.56,1525.58,-33.51,25,24,49,1,50.0,-9.28
0.1,0.8,24,52.56,1525.58,-33.51,25,24,49,1,50.0,-9.28
0.1,0.85,24,52.56,1525.58,-33.51,25,24,49,1,50.0,-9.28
0.1,0.9,24,52.56,1525.58,-33.51,25,24,49,1,50.0,-9.28
0.15,0.7,24,52.56,1525.58,-33.51,25,24,49,1,50.0,-9.28
0.15,0.75,24,52.56,1525.58,-33.51,25,24,49,1,50.0,-9.28
0.15,0.8,24,52.56,1525.58,-33.51,25,24,49,1,50.0,-9.28
0.15,0.85,24,52.56,1525.58,-33.51,25,24,49,1,50.0,-9.28
0.15,0.9,24,52.56,1525.58,-33.51,25,24,49,1,50.0,-9.28
0.2,0.7,24,52.56,1525.58,-33.51,25,24,49,1,50.0,-9.28
0.2,0.75,24,52.56,1525.58,-33.51,25,24,49,1,50.0,-9.28
0.2,0.8,24,52.56,1525.58,-33.51,25,24,49,1,50.0,-9.28
0.2,0.85,24,52.56,1525.58,-33.51,25,24,49,1,50.0,-9.28
0.2,0.9,24,52.56,1525.58,-33.51,25,24,49,1,50.0,-9.28
0.25,0.7,24,52.56,1525.58,-33.51,25,24,49,1,50.0,-9.28
0.25,0.75,24,52.56,1525.58,-33.51,25,24,49,1,50.0,-9.28
0.25,0.8,24,52.56,1525.58,-33.51,25,24,49,1,50.0,-9.28
0.25,0.85,24,52.56,1525.58,-33.51,25,24,49,1,50.0,-9.28
0.25,0.9,24,52.56,1525.58,-33.51,25,24,49,1,50.0,-9.28
0.3,0.7,24,52.56,1525.58,-33.51,25,24,49,1,50.0,-9.28
0.3,0.75,24,52.56,1525.58,-33.51,25,24,49,1,50.0,-9.28
0.3,0.8,24,52.56,1525.58,-33.51,25,24,49,1,50.0,-9.28
0.3,0.85,24,52.56,1525.58,-33.51,25,24,49,1,50.0,-9.28
0.3,0.9,24,52.56,1525.58,-33.51,25,24,49,1,50.0,-9.28
0.001,0.99,144,31.43,1314.27,-54.64,3,3,6,1,66.7,-30.41
0.001,0.99,48,29.04,1290.4,-57.03,5,4,9,5,75.0,-32.8
0.001,0.99,96,26.7,1266.99,-59.37,5,4,9,2,50.0,-35.14
0.1,0.99,96,23.9,1239.02,-62.16,7,6,13,0,50.0,-37.94
0.15,0.99,96,23.9,1239.02,-62.16,7,6,13,0,50.0,-37.94
0.2,0.99,96,23.9,1239.02,-62.16,7,6,13,0,50.0,-37.94
0.25,0.99,96,23.9,1239.02,-62.16,7,6,13,0,50.0,-37.94
0.3,0.99,96,23.9,1239.02,-62.16,7,6,13,0,50.0,-37.94
0.001,0.99,72,21.16,1211.55,-64.91,5,5,10,2,80.0,-40.68
0.001,0.7,0,6.56,1065.59,-79.51,15,16,31,290,62.5,-55.28
0.001,0.75,0,6.56,1065.59,-79.51,15,16,31,290,62.5,-55.28
0.001,0.8,0,6.56,1065.59,-79.51,15,16,31,290,62.5,-55.28
0.001,0.85,0,6.56,1065.59,-79.51,15,16,31,290,62.5,-55.28
0.001,0.9,0,6.56,1065.59,-79.51,15,16,31,290,62.5,-55.28
0.001,0.7,96,5.18,1051.77,-80.89,5,5,10,2,80.0,-56.66
0.001,0.75,96,5.18,1051.77,-80.89,5,5,10,2,80.0,-56.66
0.001,0.8,96,5.18,1051.77,-80.89,5,5,10,2,80.0,-56.66
0.001,0.85,96,5.18,1051.77,-80.89,5,5,10,2,80.0,-56.66
0.001,0.9,96,5.18,1051.77,-80.89,5,5,10,2,80.0,-56.66
0.001,0.7,72,4.18,1041.82,-81.88,5,5,10,4,80.0,-57.66
0.001,0.75,72,4.18,1041.82,-81.88,5,5,10,4,80.0,-57.66
0.001,0.8,72,4.18,1041.82,-81.88,5,5,10,4,80.0,-57.66
0.001,0.85,72,4.18,1041.82,-81.88,5,5,10,4,80.0,-57.66
0.001,0.9,72,4.18,1041.82,-81.88,5,5,10,4,80.0,-57.66
0.001,0.99,24,4.16,1041.64,-81.9,7,7,14,8,42.9,-57.68
0.1,0.7,144,1.16,1011.58,-84.91,5,5,10,0,60.0,-60.68
0.1,0.75,144,1.16,1011.58,-84.91,5,5,10,0,60.0,-60.68
0.1,0.8,144,1.16,1011.58,-84.91,5,5,10,0,60.0,-60.68
0.1,0.85,144,1.16,1011.58,-84.91,5,5,10,0,60.0,-60.68
0.1,0.9,144,1.16,1011.58,-84.91,5,5,10,0,60.0,-60.68
0.15,0.7,144,1.16,1011.58,-84.91,5,5,10,0,60.0,-60.68
0.15,0.75,144,1.16,1011.58,-84.91,5,5,10,0,60.0,-60.68
0.15,0.8,144,1.16,1011.58,-84.91,5,5,10,0,60.0,-60.68
0.15,0.85,144,1.16,1011.58,-84.91,5,5,10,0,60.0,-60.68
0.15,0.9,144,1.16,1011.58,-84.91,5,5,10,0,60.0,-60.68
0.2,0.7,144,1.16,1011.58,-84.91,5,5,10,0,60.0,-60.68
0.2,0.75,144,1.16,1011.58,-84.91,5,5,10,0,60.0,-60.68
0.2,0.8,144,1.16,1011.58,-84.91,5,5,10,0,60.0,-60.68
0.2,0.85,144,1.16,1011.58,-84.91,5,5,10,0,60.0,-60.68
0.2,0.9,144,1.16,1011.58,-84.91,5,5,10,0,60.0,-60.68
0.25,0.7,144,1.16,1011.58,-84.91,5,5,10,0,60.0,-60.68
0.25,0.75,144,1.16,1011.58,-84.91,5,5,10,0,60.0,-60.68
0.25,0.8,144,1.16,1011.58,-84.91,5,5,10,0,60.0,-60.68
0.25,0.85,144,1.16,1011.58,-84.91,5,5,10,0,60.0,-60.68
0.25,0.9,144,1.16,1011.58,-84.91,5,5,10,0,60.0,-60.68
0.3,0.7,144,1.16,1011.58,-84.91,5,5,10,0,60.0,-60.68
0.3,0.75,144,1.16,1011.58,-84.91,5,5,10,0,60.0,-60.68
0.3,0.8,144,1.16,1011.58,-84.91,5,5,10,0,60.0,-60.68
0.3,0.85,144,1.16,1011.58,-84.91,5,5,10,0,60.0,-60.68
0.3,0.9,144,1.16,1011.58,-84.91,5,5,10,0,60.0,-60.68
0.1,0.7,96,0.15,1001.5,-85.92,7,7,14,0,57.1,-61.69
0.1,0.75,96,0.15,1001.5,-85.92,7,7,14,0,57.1,-61.69
0.1,0.8,96,0.15,1001.5,-85.92,7,7,14,0,57.1,-61.69
0.1,0.85,96,0.15,1001.5,-85.92,7,7,14,0,57.1,-61.69
0.1,0.9,96,0.15,1001.5,-85.92,7,7,14,0,57.1,-61.69
0.15,0.7,96,0.15,1001.5,-85.92,7,7,14,0,57.1,-61.69
0.15,0.75,96,0.15,1001.5,-85.92,7,7,14,0,57.1,-61.69
0.15,0.8,96,0.15,1001.5,-85.92,7,7,14,0,57.1,-61.69
0.15,0.85,96,0.15,1001.5,-85.92,7,7,14,0,57.1,-61.69
0.15,0.9,96,0.15,1001.5,-85.92,7,7,14,0,57.1,-61.69
0.2,0.7,96,0.15,1001.5,-85.92,7,7,14,0,57.1,-61.69
0.2,0.75,96,0.15,1001.5,-85.92,7,7,14,0,57.1,-61.69
0.2,0.8,96,0.15,1001.5,-85.92,7,7,14,0,57.1,-61.69
0.2,0.85,96,0.15,1001.5,-85.92,7,7,14,0,57.1,-61.69
0.2,0.9,96,0.15,1001.5,-85.92,7,7,14,0,57.1,-61.69
0.25,0.7,96,0.15,1001.5,-85.92,7,7,14,0,57.1,-61.69
0.25,0.75,96,0.15,1001.5,-85.92,7,7,14,0,57.1,-61.69
0.25,0.8,96,0.15,1001.5,-85.92,7,7,14,0,57.1,-61.69
0.25,0.85,96,0.15,1001.5,-85.92,7,7,14,0,57.1,-61.69
0.25,0.9,96,0.15,1001.5,-85.92,7,7,14,0,57.1,-61.69
0.3,0.7,96,0.15,1001.5,-85.92,7,7,14,0,57.1,-61.69
0.3,0.75,96,0.15,1001.5,-85.92,7,7,14,0,57.1,-61.69
0.3,0.8,96,0.15,1001.5,-85.92,7,7,14,0,57.1,-61.69
0.3,0.85,96,0.15,1001.5,-85.92,7,7,14,0,57.1,-61.69
0.3,0.9,96,0.15,1001.5,-85.92,7,7,14,0,57.1,-61.69
0.1,0.7,48,-0.47,995.29,-86.54,13,13,26,0,46.2,-62.31
0.1,0.75,48,-0.47,995.29,-86.54,13,13,26,0,46.2,-62.31
0.1,0.8,48,-0.47,995.29,-86.54,13,13,26,0,46.2,-62.31
0.1,0.85,48,-0.47,995.29,-86.54,13,13,26,0,46.2,-62.31
0.1,0.9,48,-0.47,995.29,-86.54,13,13,26,0,46.2,-62.31
0.15,0.7,48,-0.47,995.29,-86.54,13,13,26,0,46.2,-62.31
0.15,0.75,48,-0.47,995.29,-86.54,13,13,26,0,46.2,-62.31
0.15,0.8,48,-0.47,995.29,-86.54,13,13,26,0,46.2,-62.31
0.15,0.85,48,-0.47,995.29,-86.54,13,13,26,0,46.2,-62.31
0.15,0.9,48,-0.47,995.29,-86.54,13,13,26,0,46.2,-62.31
0.2,0.7,48,-0.47,995.29,-86.54,13,13,26,0,46.2,-62.31
0.2,0.75,48,-0.47,995.29,-86.54,13,13,26,0,46.2,-62.31
0.2,0.8,48,-0.47,995.29,-86.54,13,13,26,0,46.2,-62.31
0.2,0.85,48,-0.47,995.29,-86.54,13,13,26,0,46.2,-62.31
0.2,0.9,48,-0.47,995.29,-86.54,13,13,26,0,46.2,-62.31
0.25,0.7,48,-0.47,995.29,-86.54,13,13,26,0,46.2,-62.31
0.25,0.75,48,-0.47,995.29,-86.54,13,13,26,0,46.2,-62.31
0.25,0.8,48,-0.47,995.29,-86.54,13,13,26,0,46.2,-62.31
0.25,0.85,48,-0.47,995.29,-86.54,13,13,26,0,46.2,-62.31
0.25,0.9,48,-0.47,995.29,-86.54,13,13,26,0,46.2,-62.31
0.3,0.7,48,-0.47,995.29,-86.54,13,13,26,0,46.2,-62.31
0.3,0.75,48,-0.47,995.29,-86.54,13,13,26,0,46.2,-62.31
0.3,0.8,48,-0.47,995.29,-86.54,13,13,26,0,46.2,-62.31
0.3,0.85,48,-0.47,995.29,-86.54,13,13,26,0,46.2,-62.31
0.3,0.9,48,-0.47,995.29,-86.54,13,13,26,0,46.2,-62.31
0.1,0.7,72,-1.83,981.71,-87.9,9,9,18,0,33.3,-63.67
0.1,0.75,72,-1.83,981.71,-87.9,9,9,18,0,33.3,-63.67
0.1,0.8,72,-1.83,981.71,-87.9,9,9,18,0,33.3,-63.67
0.1,0.85,72,-1.83,981.71,-87.9,9,9,18,0,33.3,-63.67
0.1,0.9,72,-1.83,981.71,-87.9,9,9,18,0,33.3,-63.67
0.15,0.7,72,-1.83,981.71,-87.9,9,9,18,0,33.3,-63.67
0.15,0.75,72,-1.83,981.71,-87.9,9,9,18,0,33.3,-63.67
0.15,0.8,72,-1.83,981.71,-87.9,9,9,18,0,33.3,-63.67
0.15,0.85,72,-1.83,981.71,-87.9,9,9,18,0,33.3,-63.67
0.15,0.9,72,-1.83,981.71,-87.9,9,9,18,0,33.3,-63.67
0.2,0.7,72,-1.83,981.71,-87.9,9,9,18,0,33.3,-63.67
0.2,0.75,72,-1.83,981.71,-87.9,9,9,18,0,33.3,-63.67
0.2,0.8,72,-1.83,981.71,-87.9,9,9,18,0,33.3,-63.67
0.2,0.85,72,-1.83,981.71,-87.9,9,9,18,0,33.3,-63.67
0.2,0.9,72,-1.83,981.71,-87.9,9,9,18,0,33.3,-63.67
0.25,0.7,72,-1.83,981.71,-87.9,9,9,18,0,33.3,-63.67
0.25,0.75,72,-1.83,981.71,-87.9,9,9,18,0,33.3,-63.67
0.25,0.8,72,-1.83,981.71,-87.9,9,9,18,0,33.3,-63.67
0.25,0.85,72,-1.83,981.71,-87.9,9,9,18,0,33.3,-63.67
0.25,0.9,72,-1.83,981.71,-87.9,9,9,18,0,33.3,-63.67
0.3,0.7,72,-1.83,981.71,-87.9,9,9,18,0,33.3,-63.67
0.3,0.75,72,-1.83,981.71,-87.9,9,9,18,0,33.3,-63.67
0.3,0.8,72,-1.83,981.71,-87.9,9,9,18,0,33.3,-63.67
0.3,0.85,72,-1.83,981.71,-87.9,9,9,18,0,33.3,-63.67
0.3,0.9,72,-1.83,981.71,-87.9,9,9,18,0,33.3,-63.67
0.001,0.7,48,-5.04,949.61,-91.11,5,5,10,8,80.0,-66.88
0.001,0.75,48,-5.04,949.61,-91.11,5,5,10,8,80.0,-66.88
0.001,0.8,48,-5.04,949.61,-91.11,5,5,10,8,80.0,-66.88
0.001,0.85,48,-5.04,949.61,-91.11,5,5,10,8,80.0,-66.88
0.001,0.9,48,-5.04,949.61,-91.11,5,5,10,8,80.0,-66.88
0.001,0.7,24,-6.6,934.04,-92.66,7,7,14,18,42.9,-68.44
0.001,0.75,24,-6.6,934.04,-92.66,7,7,14,18,42.9,-68.44
0.001,0.8,24,-6.6,934.04,-92.66,7,7,14,18,42.9,-68.44
0.001,0.85,24,-6.6,934.04,-92.66,7,7,14,18,42.9,-68.44
0.001,0.9,24,-6.6,934.04,-92.66,7,7,14,18,42.9,-68.44
0.001,0.7,144,-10.38,896.21,-96.45,3,3,6,2,66.7,-72.22
0.001,0.75,144,-10.38,896.21,-96.45,3,3,6,2,66.7,-72.22
0.001,0.8,144,-10.38,896.21,-96.45,3,3,6,2,66.7,-72.22
0.001,0.85,144,-10.38,896.21,-96.45,3,3,6,2,66.7,-72.22
0.001,0.9,144,-10.38,896.21,-96.45,3,3,6,2,66.7,-72.22
