te_estimator,window_size,field_def,cmi_regimes,threshold_mode,sink_mode,thr_bot,thr_top,cooldown,max_posiciones,pnl_pct,portfolio_final,bh_pnl,alpha_bh,n_compras,n_ventas,n_trades,n_ignorados,win_rate,pos_finales,valid
binning,8,analogical,2,adaptive_percentile,score_component,0.55,0.55,48,9,64.99,1649.9,7.35,57.63,764,797,1561,33,50.9,8,True
binning,8,analogical,2,adaptive_percentile,score_component,0.55,0.55,96,5,82.0,1819.97,7.35,74.64,378,399,777,23,51.1,5,True
binning,8,analogical,2,adaptive_percentile,score_component,0.55,0.55,96,7,114.03,2140.29,7.35,106.67,381,399,780,20,52.4,7,True
binning,8,analogical,2,adaptive_percentile,score_component,0.55,0.55,96,9,119.96,2199.62,7.35,112.61,386,399,785,15,52.6,9,True
binning,8,analogical,2,adaptive_percentile,score_component,0.55,0.55,24,7,-45.88,541.15,7.35,-53.24,1503,1571,3074,68,51.4,7,True
binning,8,analogical,2,adaptive_percentile,score_component,0.55,0.55,24,9,-14.78,852.18,7.35,-22.14,1502,1571,3073,69,50.1,7,True
binning,8,analogical,2,adaptive_percentile,score_component,0.55,0.55,48,5,-60.42,395.82,7.35,-67.77,779,796,1575,19,49.4,0,True
binning,8,analogical,2,adaptive_percentile,score_component,0.55,0.55,48,7,44.17,1441.66,7.35,36.81,758,797,1555,39,50.2,6,True
binning,8,analogical,2,adaptive_percentile,score_component,0.55,0.55,0,5,-53.32,466.84,7.35,-60.67,1895,1922,3817,24622,54.3,0,True
binning,8,analogical,2,adaptive_percentile,score_component,0.55,0.55,0,7,-41.93,580.75,7.35,-49.28,1895,1922,3817,24622,54.3,0,True
binning,8,analogical,2,adaptive_percentile,score_component,0.55,0.55,0,9,-34.45,655.48,7.35,-41.81,1895,1922,3817,24622,54.3,0,True
binning,8,analogical,2,adaptive_percentile,score_component,0.55,0.55,24,5,-45.25,547.49,7.35,-52.61,1506,1571,3077,65,51.6,5,True
binning,8,analogical,2,adaptive_percentile,score_component,0.55,0.6,24,7,-42.04,579.61,7.35,-49.39,1488,1558,3046,82,51.1,6,True
binning,8,analogical,2,adaptive_percentile,score_component,0.55,0.6,24,9,-17.42,825.79,7.35,-24.78,1490,1558,3048,80,51.3,6,True
binning,8,analogical,2,adaptive_percentile,score_component,0.55,0.6,48,5,-14.46,855.36,7.35,-21.82,745,793,1538,51,52.1,5,True
binning,8,analogical,2,adaptive_percentile,score_component,0.55,0.6,48,7,-14.68,853.17,7.35,-22.04,756,793,1549,40,52.0,7,True
binning,8,analogical,2,adaptive_percentile,score_component,0.55,0.6,48,9,38.58,1385.75,7.35,31.22,761,793,1554,35,50.8,9,True
binning,8,analogical,2,adaptive_percentile,score_component,0.55,0.6,96,5,0.85,1008.54,7.35,-6.5,375,399,774,26,51.9,4,True
binning,8,analogical,2,adaptive_percentile,score_component,0.55,0.6,96,7,80.64,1806.41,7.35,73.29,378,399,777,23,50.9,6,True
binning,8,analogical,2,adaptive_percentile,score_component,0.55,0.6,96,9,95.77,1957.7,7.35,88.42,384,399,783,17,49.9,8,True
binning,8,analogical,2,adaptive_percentile,score_component,0.55,0.6,0,5,-77.0,230.03,7.35,-84.35,3425,3631,7056,20768,53.6,0,True
binning,8,analogical,2,adaptive_percentile,score_component,0.55,0.6,0,7,-65.02,349.85,7.35,-72.37,3434,3641,7075,20749,53.7,0,True
binning,8,analogical,2,adaptive_percentile,score_component,0.55,0.6,0,9,-55.78,442.23,7.35,-63.13,3434,3641,7075,20749,53.7,0,True
binning,8,analogical,2,adaptive_percentile,score_component,0.55,0.6,24,5,-31.54,684.59,7.35,-38.9,1471,1558,3029,99,51.5,4,True
binning,8,analogical,2,adaptive_percentile,score_component,0.55,0.65,24,7,-33.89,661.12,7.35,-41.24,1489,1556,3045,79,51.0,7,True
binning,8,analogical,2,adaptive_percentile,score_component,0.55,0.65,24,9,-15.87,841.3,7.35,-23.22,1490,1556,3046,78,50.8,7,True
binning,8,analogical,2,adaptive_percentile,score_component,0.55,0.65,48,5,69.9,1698.98,7.35,62.54,760,792,1552,36,52.5,5,True
binning,8,analogical,2,adaptive_percentile,score_component,0.55,0.65,48,7,84.82,1848.22,7.35,77.47,768,792,1560,28,54.0,7,True
binning,8,analogical,2,adaptive_percentile,score_component,0.55,0.65,48,9,95.05,1950.48,7.35,87.69,770,792,1562,26,53.0,9,True
binning,8,analogical,2,adaptive_percentile,score_component,0.55,0.65,96,5,43.13,1431.27,7.35,35.77,372,399,771,29,48.9,4,True
binning,8,analogical,2,adaptive_percentile,score_component,0.55,0.65,96,7,68.35,1683.55,7.35,61.0,379,399,778,22,48.9,6,True
binning,8,analogical,2,adaptive_percentile,score_component,0.55,0.65,96,9,95.81,1958.13,7.35,88.46,383,399,782,18,50.1,8,True
binning,8,analogical,2,adaptive_percentile,score_component,0.55,0.65,0,5,-77.32,226.84,7.35,-84.67,3523,3754,7277,20038,53.1,0,True
binning,8,analogical,2,adaptive_percentile,score_component,0.55,0.65,0,7,-65.89,341.1,7.35,-73.24,3546,3778,7324,19991,53.1,0,True
binning,8,analogical,2,adaptive_percentile,score_component,0.55,0.65,0,9,-56.62,433.83,7.35,-63.97,3548,3780,7328,19987,53.2,0,True
binning,8,analogical,2,adaptive_percentile,score_component,0.55,0.65,24,5,-26.83,731.73,7.35,-34.18,1470,1556,3026,98,51.5,5,True
binning,8,analogical,2,adaptive_percentile,score_component,0.55,0.7,0,5,-94.0,59.99,7.35,-101.36,7395,8188,15583,11416,53.6,0,True
binning,8,analogical,2,adaptive_percentile,score_component,0.55,0.7,0,7,-87.15,128.54,7.35,-94.5,7670,8450,16120,10879,53.6,0,True
binning,8,analogical,2,adaptive_percentile,score_component,0.55,0.7,0,9,-80.73,192.67,7.35,-88.09,7746,8519,16265,10734,53.6,0,True
binning,8,analogical,2,adaptive_percentile,score_component,0.55,0.7,24,5,-7.39,926.1,7.35,-14.74,1446,1529,2975,120,50.6,5,True
binning,8,analogical,2,adaptive_percentile,score_component,0.55,0.7,24,7,-20.43,795.75,7.35,-27.78,1447,1529,2976,119,49.4,5,True
binning,8,analogical,2,adaptive_percentile,score_component,0.55,0.7,24,9,-4.62,953.84,7.35,-11.97,1465,1529,2994,101,49.9,8,True
binning,8,analogical,2,adaptive_percentile,score_component,0.55,0.7,48,5,8.31,1083.05,7.35,0.95,736,783,1519,61,51.7,5,True
binning,8,analogical,2,adaptive_percentile,score_component,0.55,0.7,48,7,26.05,1260.45,7.35,18.69,746,783,1529,51,51.0,7,True
binning,8,analogical,2,adaptive_percentile,score_component,0.55,0.7,48,9,38.08,1380.78,7.35,30.72,749,783,1532,48,50.8,9,True
binning,8,analogical,2,adaptive_percentile,score_component,0.55,0.7,96,5,47.15,1471.48,7.35,39.79,370,397,767,31,51.1,4,True
binning,8,analogical,2,adaptive_percentile,score_component,0.55,0.7,96,7,63.73,1637.32,7.35,56.38,377,397,774,24,50.4,6,True
binning,8,analogical,2,adaptive_percentile,score_component,0.55,0.7,96,9,93.95,1939.52,7.35,86.6,382,397,779,19,50.6,8,True
binning,8,analogical,2,adaptive_percentile,score_component,0.55,0.75,0,5,-92.49,75.1,7.35,-99.84,7973,8528,16501,10445,50.8,3,True
binning,8,analogical,2,adaptive_percentile,score_component,0.55,0.75,0,7,-83.83,161.69,7.35,-91.19,8462,8851,17313,9633,51.0,5,True
binning,8,analogical,2,adaptive_percentile,score_component,0.55,0.75,0,9,-73.96,260.35,7.35,-81.32,8642,8951,17593,9353,51.3,7,True
binning,8,analogical,2,adaptive_percentile,score_component,0.55,0.75,24,5,-22.84,771.62,7.35,-30.19,1318,1394,2712,254,51.6,5,True
binning,8,analogical,2,adaptive_percentile,score_component,0.55,0.75,24,7,-34.7,653.04,7.35,-42.05,1310,1394,2704,262,50.3,4,True
binning,8,analogical,2,adaptive_percentile,score_component,0.55,0.75,24,9,2.35,1023.46,7.35,-5.01,1337,1394,2731,235,51.9,8,True
binning,8,analogical,2,adaptive_percentile,score_component,0.55,0.75,48,5,5.71,1057.06,7.35,-1.65,691,739,1430,106,50.6,5,True
binning,8,analogical,2,adaptive_percentile,score_component,0.55,0.75,48,7,28.98,1289.77,7.35,21.62,705,739,1444,92,50.2,7,True
binning,8,analogical,2,adaptive_percentile,score_component,0.55,0.75,48,9,55.59,1555.92,7.35,48.24,713,739,1452,84,50.9,9,True
binning,8,analogical,2,adaptive_percentile,score_component,0.55,0.75,96,5,58.17,1581.71,7.35,50.82,364,387,751,37,49.9,5,True
binning,8,analogical,2,adaptive_percentile,score_component,0.55,0.75,96,7,100.04,2000.36,7.35,92.68,372,387,759,29,50.6,7,True
binning,8,analogical,2,adaptive_percentile,score_component,0.55,0.75,96,9,123.66,2236.6,7.35,116.31,375,387,762,26,51.9,9,True
binning,8,analogical,2,adaptive_percentile,score_component,0.55,0.8,24,7,-14.44,855.65,7.35,-21.79,978,1030,2008,593,49.2,5,True
binning,8,analogical,2,adaptive_percentile,score_component,0.55,0.8,24,9,-0.67,993.34,7.35,-8.02,986,1030,2016,585,49.4,8,True
binning,8,analogical,2,adaptive_percentile,score_component,0.55,0.8,48,5,-3.1,969.02,7.35,-10.45,596,636,1232,201,51.1,4,True
binning,8,analogical,2,adaptive_percentile,score_component,0.55,0.8,48,7,19.16,1191.65,7.35,11.81,603,636,1239,194,48.6,6,True
binning,8,analogical,2,adaptive_percentile,score_component,0.55,0.8,0,5,-53.14,468.62,7.35,-60.49,2561,2686,5247,21699,49.5,5,True
binning,8,analogical,2,adaptive_percentile,score_component,0.55,0.8,0,7,-37.75,622.49,7.35,-45.11,2582,2686,5268,21678,49.2,7,True
binning,8,analogical,2,adaptive_percentile,score_component,0.55,0.8,0,9,-36.14,638.58,7.35,-43.5,2598,2686,5284,21662,48.8,9,True
binning,8,analogical,2,adaptive_percentile,score_component,0.55,0.8,24,5,-11.6,884.03,7.35,-18.95,969,1030,1999,602,50.2,5,True
binning,8,analogical,2,adaptive_percentile,score_component,0.55,0.8,48,9,39.94,1399.43,7.35,32.59,608,636,1244,189,49.5,8,True
binning,8,analogical,2,adaptive_percentile,score_component,0.55,0.8,96,5,27.91,1279.14,7.35,20.56,329,355,684,72,49.0,4,True
binning,8,analogical,2,adaptive_percentile,score_component,0.55,0.8,96,7,41.04,1410.39,7.35,33.68,338,355,693,63,50.7,6,True
binning,8,analogical,2,adaptive_percentile,score_component,0.55,0.8,96,9,59.68,1596.8,7.35,52.33,340,355,695,61,49.3,8,True
binning,8,analogical,2,adaptive_percentile,score_component,0.6,0.55,24,7,-15.36,846.38,7.35,-22.72,1488,1571,3059,73,50.2,5,True
binning,8,analogical,2,adaptive_percentile,score_component,0.6,0.55,24,9,-20.62,793.77,7.35,-27.98,1501,1571,3072,60,49.6,6,True
binning,8,analogical,2,adaptive_percentile,score_component,0.6,0.55,48,5,-21.27,787.27,7.35,-28.63,794,794,1588,4,47.6,0,True
binning,8,analogical,2,adaptive_percentile,score_component,0.6,0.55,48,7,-15.49,845.08,7.35,-22.85,794,794,1588,4,47.6,0,True
binning,8,analogical,2,adaptive_percentile,score_component,0.6,0.55,0,5,-36.74,632.62,7.35,-44.09,1217,1222,2439,25322,55.8,0,True
binning,8,analogical,2,adaptive_percentile,score_component,0.6,0.55,0,7,-27.86,721.38,7.35,-35.22,1217,1222,2439,25322,55.8,0,True
binning,8,analogical,2,adaptive_percentile,score_component,0.6,0.55,0,9,-22.42,775.84,7.35,-29.77,1217,1222,2439,25322,55.8,0,True
binning,8,analogical,2,adaptive_percentile,score_component,0.6,0.55,24,5,-40.33,596.74,7.35,-47.68,1498,1569,3067,65,50.7,5,True
binning,8,analogical,2,adaptive_percentile,score_component,0.6,0.55,48,9,-12.18,878.25,7.35,-19.53,794,794,1588,4,47.6,0,True
binning,8,analogical,2,adaptive_percentile,score_component,0.6,0.55,96,5,85.03,1850.29,7.35,77.67,378,399,777,23,52.4,5,True
binning,8,analogical,2,adaptive_percentile,score_component,0.6,0.55,96,7,123.38,2233.76,7.35,116.02,381,399,780,20,52.1,7,True
binning,8,analogical,2,adaptive_percentile,score_component,0.6,0.55,96,9,121.79,2217.88,7.35,114.43,386,399,785,15,52.9,9,True
binning,8,analogical,2,adaptive_percentile,score_component,0.6,0.6,0,5,-47.28,527.22,7.35,-54.63,1507,1515,3022,22875,54.7,0,True
binning,8,analogical,2,adaptive_percentile,score_component,0.6,0.6,0,7,-36.65,633.45,7.35,-44.01,1507,1515,3022,22875,54.7,0,True
binning,8,analogical,2,adaptive_percentile,score_component,0.6,0.6,0,9,-29.87,701.29,7.35,-37.23,1507,1515,3022,22875,54.7,0,True
binning,8,analogical,2,adaptive_percentile,score_component,0.6,0.6,24,5,-37.08,629.2,7.35,-44.43,1475,1557,3032,86,51.1,4,True
binning,8,analogical,2,adaptive_percentile,score_component,0.6,0.6,24,7,-19.83,801.71,7.35,-27.18,1475,1558,3033,85,51.2,4,True
binning,8,analogical,2,adaptive_percentile,score_component,0.6,0.6,24,9,-11.18,888.18,7.35,-18.54,1490,1558,3048,70,51.1,6,True
binning,8,analogical,2,adaptive_percentile,score_component,0.6,0.6,48,5,-23.1,769.0,7.35,-30.46,793,792,1585,2,49.7,1,True
binning,8,analogical,2,adaptive_percentile,score_component,0.6,0.6,48,7,-16.79,832.13,7.35,-24.14,793,792,1585,2,49.7,1,True
binning,8,analogical,2,adaptive_percentile,score_component,0.6,0.6,48,9,-13.17,868.26,7.35,-20.53,793,792,1585,2,49.7,1,True
binning,8,analogical,2,adaptive_percentile,score_component,0.6,0.6,96,5,-31.51,684.93,7.35,-38.86,387,399,786,14,46.6,5,True
binning,8,analogical,2,adaptive_percentile,score_component,0.6,0.6,96,7,78.5,1785.01,7.35,71.15,381,399,780,20,48.1,7,True
binning,8,analogical,2,adaptive_percentile,score_component,0.6,0.6,96,9,98.26,1982.57,7.35,90.9,385,399,784,16,49.6,9,True
binning,8,analogical,2,adaptive_percentile,score_component,0.6,0.65,24,7,-28.03,719.74,7.35,-35.38,1475,1556,3031,82,51.1,7,True
binning,8,analogical,2,adaptive_percentile,score_component,0.6,0.65,24,9,2.46,1024.62,7.35,-4.89,1490,1556,3046,67,51.0,9,True
binning,8,analogical,2,adaptive_percentile,score_component,0.6,0.65,48,5,55.21,1552.09,7.35,47.85,764,792,1556,29,52.5,4,True
binning,8,analogical,2,adaptive_percentile,score_component,0.6,0.65,48,7,65.1,1651.0,7.35,57.75,774,792,1566,19,54.2,6,True
binning,8,analogical,2,adaptive_percentile,score_component,0.6,0.65,0,5,-47.97,520.34,7.35,-55.32,1509,1519,3028,22248,54.4,0,True
binning,8,analogical,2,adaptive_percentile,score_component,0.6,0.65,0,7,-37.25,627.55,7.35,-44.6,1509,1519,3028,22248,54.4,0,True
binning,8,analogical,2,adaptive_percentile,score_component,0.6,0.65,0,9,-30.38,696.21,7.35,-37.73,1509,1519,3028,22248,54.4,0,True
binning,8,analogical,2,adaptive_percentile,score_component,0.6,0.65,24,5,-31.57,684.33,7.35,-38.92,1481,1555,3036,77,51.2,5,True
binning,8,analogical,2,adaptive_percentile,score_component,0.6,0.65,48,9,67.56,1675.55,7.35,60.2,774,792,1566,19,53.2,8,True
binning,8,analogical,2,adaptive_percentile,score_component,0.6,0.65,96,5,-6.66,933.4,7.35,-14.01,400,399,799,1,50.4,1,True
binning,8,analogical,2,adaptive_percentile,score_component,0.6,0.65,96,7,-4.41,955.92,7.35,-11.76,400,399,799,1,50.4,1,True
binning,8,analogical,2,adaptive_percentile,score_component,0.6,0.65,96,9,-3.27,967.28,7.35,-10.63,400,399,799,1,50.4,1,True
binning,8,analogical,2,adaptive_percentile,score_component,0.6,0.7,24,7,-9.22,907.81,7.35,-16.57,1451,1529,2980,107,50.3,6,True
binning,8,analogical,2,adaptive_percentile,score_component,0.6,0.7,24,9,20.41,1204.11,7.35,13.06,1466,1529,2995,92,50.1,8,True
binning,8,analogical,2,adaptive_percentile,score_component,0.6,0.7,48,5,-0.05,999.47,7.35,-7.41,736,783,1519,58,51.0,5,True
binning,8,analogical,2,adaptive_percentile,score_component,0.6,0.7,48,7,24.5,1244.97,7.35,17.14,743,783,1526,51,50.7,7,True
binning,8,analogical,2,adaptive_percentile,score_component,0.6,0.7,0,5,-86.77,132.26,7.35,-94.13,5556,6156,11712,13189,53.7,0,True
binning,8,analogical,2,adaptive_percentile,score_component,0.6,0.7,0,7,-76.43,235.71,7.35,-83.78,5667,6264,11931,12970,53.8,0,True
binning,8,analogical,2,adaptive_percentile,score_component,0.6,0.7,0,9,-68.09,319.15,7.35,-75.44,5692,6286,11978,12923,53.8,0,True
binning,8,analogical,2,adaptive_percentile,score_component,0.6,0.7,24,5,5.06,1050.57,7.35,-2.3,1450,1529,2979,108,50.9,5,True
binning,8,analogical,2,adaptive_percentile,score_component,0.6,0.7,48,9,40.64,1406.4,7.35,33.29,752,783,1535,42,50.4,9,True
binning,8,analogical,2,adaptive_percentile,score_component,0.6,0.7,96,5,93.13,1931.29,7.35,85.77,377,397,774,24,53.7,4,True
binning,8,analogical,2,adaptive_percentile,score_component,0.6,0.7,96,7,115.36,2153.58,7.35,108.0,379,397,776,22,52.4,6,True
binning,8,analogical,2,adaptive_percentile,score_component,0.6,0.7,96,9,118.3,2183.04,7.35,110.95,383,397,780,18,52.4,8,True
binning,8,analogical,2,adaptive_percentile,score_component,0.6,0.75,0,5,-92.07,79.28,7.35,-99.43,7773,8343,16116,8685,51.0,3,True
binning,8,analogical,2,adaptive_percentile,score_component,0.6,0.75,0,7,-86.1,139.04,7.35,-93.45,8331,8739,17070,7731,51.0,5,True
binning,8,analogical,2,adaptive_percentile,score_component,0.6,0.75,0,9,-79.19,208.1,7.35,-86.54,8561,8882,17443,7358,51.0,7,True
binning,8,analogical,2,adaptive_percentile,score_component,0.6,0.75,24,5,-1.19,988.08,7.35,-8.55,1320,1394,2714,237,52.3,5,True
binning,8,analogical,2,adaptive_percentile,score_component,0.6,0.75,24,7,-27.32,726.82,7.35,-34.67,1315,1394,2709,242,50.1,4,True
binning,8,analogical,2,adaptive_percentile,score_component,0.6,0.75,24,9,2.91,1029.14,7.35,-4.44,1336,1394,2730,221,51.9,8,True
binning,8,analogical,2,adaptive_percentile,score_component,0.6,0.75,48,5,14.75,1147.49,7.35,7.39,697,739,1436,97,51.4,5,True
binning,8,analogical,2,adaptive_percentile,score_component,0.6,0.75,48,7,21.43,1214.28,7.35,14.07,704,739,1443,90,50.9,7,True
binning,8,analogical,2,adaptive_percentile,score_component,0.6,0.75,48,9,31.21,1312.13,7.35,23.86,710,739,1449,84,50.6,9,True
binning,8,analogical,2,adaptive_percentile,score_component,0.6,0.75,96,5,64.99,1649.91,7.35,57.64,363,387,750,37,50.6,4,True
binning,8,analogical,2,adaptive_percentile,score_component,0.6,0.75,96,7,101.37,2013.7,7.35,94.02,369,387,756,31,51.4,6,True
binning,8,analogical,2,adaptive_percentile,score_component,0.6,0.75,96,9,115.01,2150.09,7.35,107.65,373,387,760,27,52.2,8,True
binning,8,analogical,2,adaptive_percentile,score_component,0.6,0.8,0,5,-51.91,480.88,7.35,-59.27,2562,2686,5248,19552,49.4,5,True
binning,8,analogical,2,adaptive_percentile,score_component,0.6,0.8,0,7,-36.47,635.27,7.35,-43.83,2582,2686,5268,19532,49.4,7,True
binning,8,analogical,2,adaptive_percentile,score_component,0.6,0.8,0,9,-32.32,676.79,7.35,-39.68,2596,2686,5282,19518,48.9,9,True
binning,8,analogical,2,adaptive_percentile,score_component,0.6,0.8,24,5,-11.21,887.92,7.35,-18.56,973,1030,2003,587,50.6,5,True
binning,8,analogical,2,adaptive_percentile,score_component,0.6,0.8,24,7,5.22,1052.22,7.35,-2.13,980,1030,2010,580,50.6,7,True
binning,8,analogical,2,adaptive_percentile,score_component,0.6,0.8,24,9,-7.24,927.55,7.35,-14.6,986,1030,2016,574,49.7,8,True
binning,8,analogical,2,adaptive_percentile,score_component,0.6,0.8,48,5,-11.42,885.82,7.35,-18.77,596,636,1232,198,50.6,4,True
binning,8,analogical,2,adaptive_percentile,score_component,0.6,0.8,48,7,20.71,1207.1,7.35,13.36,602,636,1238,192,49.5,6,True
binning,8,analogical,2,adaptive_percentile,score_component,0.6,0.8,48,9,31.29,1312.94,7.35,23.94,610,636,1246,184,48.4,8,True
binning,8,analogical,2,adaptive_percentile,score_component,0.6,0.8,96,5,43.92,1439.24,7.35,36.57,330,355,685,70,51.5,4,True
binning,8,analogical,2,adaptive_percentile,score_component,0.6,0.8,96,7,72.73,1727.33,7.35,65.38,338,355,693,62,53.2,6,True
binning,8,analogical,2,adaptive_percentile,score_component,0.6,0.8,96,9,80.91,1809.1,7.35,73.56,340,355,695,60,51.8,8,True
binning,8,analogical,2,adaptive_percentile,score_component,0.65,0.55,24,7,44.43,1444.26,7.35,37.07,1519,1567,3086,43,52.0,7,True
binning,8,analogical,2,adaptive_percentile,score_component,0.65,0.55,24,9,59.59,1595.94,7.35,52.24,1528,1567,3095,34,51.4,8,True
binning,8,analogical,2,adaptive_percentile,score_component,0.65,0.55,48,5,-22.59,774.14,7.35,-29.94,792,792,1584,6,48.6,0,True
binning,8,analogical,2,adaptive_percentile,score_component,0.65,0.55,48,7,-16.49,835.05,7.35,-23.85,792,792,1584,6,48.6,0,True
binning,8,analogical,2,adaptive_percentile,score_component,0.65,0.55,0,5,-19.23,807.72,7.35,-26.58,617,618,1235,25926,57.6,0,True
binning,8,analogical,2,adaptive_percentile,score_component,0.65,0.55,0,7,-14.12,858.76,7.35,-21.48,617,618,1235,25926,57.6,0,True
binning,8,analogical,2,adaptive_percentile,score_component,0.65,0.55,0,9,-11.16,888.41,7.35,-18.51,617,618,1235,25926,57.6,0,True
binning,8,analogical,2,adaptive_percentile,score_component,0.65,0.55,24,5,27.78,1277.79,7.35,20.42,1510,1567,3077,52,51.8,5,True
binning,8,analogical,2,adaptive_percentile,score_component,0.65,0.55,48,9,-12.98,870.16,7.35,-20.34,792,792,1584,6,48.6,0,True
binning,8,analogical,2,adaptive_percentile,score_component,0.65,0.55,96,5,-18.69,813.13,7.35,-26.04,400,399,799,1,48.9,1,True
binning,8,analogical,2,adaptive_percentile,score_component,0.65,0.55,96,7,-13.45,865.46,7.35,-20.81,400,399,799,1,48.9,1,True
binning,8,analogical,2,adaptive_percentile,score_component,0.65,0.55,96,9,-10.5,894.97,7.35,-17.86,400,399,799,1,48.9,1,True
binning,8,analogical,2,adaptive_percentile,score_component,0.65,0.6,24,7,49.7,1497.01,7.35,42.35,1494,1558,3052,62,50.4,6,True
binning,8,analogical,2,adaptive_percentile,score_component,0.65,0.6,24,9,67.37,1673.66,7.35,60.01,1509,1558,3067,47,52.5,8,True
binning,8,analogical,2,adaptive_percentile,score_component,0.65,0.6,48,5,-22.89,771.1,7.35,-30.24,792,791,1583,3,50.1,1,True
binning,8,analogical,2,adaptive_percentile,score_component,0.65,0.6,48,7,-16.65,833.46,7.35,-24.01,792,791,1583,3,50.1,1,True
binning,8,analogical,2,adaptive_percentile,score_component,0.65,0.6,0,5,-29.2,707.99,7.35,-36.56,835,837,1672,23553,55.2,0,True
binning,8,analogical,2,adaptive_percentile,score_component,0.65,0.6,0,7,-21.83,781.69,7.35,-29.19,835,837,1672,23553,55.2,0,True
binning,8,analogical,2,adaptive_percentile,score_component,0.65,0.6,0,9,-17.42,825.79,7.35,-24.78,835,837,1672,23553,55.2,0,True
binning,8,analogical,2,adaptive_percentile,score_component,0.65,0.6,24,5,3.99,1039.87,7.35,-3.37,1477,1558,3035,79,51.0,4,True
binning,8,analogical,2,adaptive_percentile,score_component,0.65,0.6,48,9,-13.08,869.2,7.35,-20.43,792,791,1583,3,50.1,1,True
binning,8,analogical,2,adaptive_percentile,score_component,0.65,0.6,96,5,-8.82,911.84,7.35,-16.17,400,399,799,1,51.6,1,True
binning,8,analogical,2,adaptive_percentile,score_component,0.65,0.6,96,7,-5.99,940.08,7.35,-13.35,400,399,799,1,51.6,1,True
binning,8,analogical,2,adaptive_percentile,score_component,0.65,0.6,96,9,-4.52,954.78,7.35,-11.88,400,399,799,1,51.6,1,True
binning,8,analogical,2,adaptive_percentile,score_component,0.65,0.65,24,7,5.62,1056.21,7.35,-1.73,1478,1556,3034,76,50.5,7,True
binning,8,analogical,2,adaptive_percentile,score_component,0.65,0.65,24,9,5.26,1052.6,7.35,-2.09,1492,1556,3048,62,50.4,9,True
binning,8,analogical,2,adaptive_percentile,score_component,0.65,0.65,48,5,53.41,1534.11,7.35,46.06,764,792,1556,29,51.9,4,True
binning,8,analogical,2,adaptive_percentile,score_component,0.65,0.65,48,7,61.57,1615.67,7.35,54.21,772,792,1564,21,54.4,6,True
binning,8,analogical,2,adaptive_percentile,score_component,0.65,0.65,0,5,-29.95,700.52,7.35,-37.3,835,837,1672,22930,54.5,0,True
binning,8,analogical,2,adaptive_percentile,score_component,0.65,0.65,0,7,-22.42,775.8,7.35,-29.77,835,837,1672,22930,54.5,0,True
binning,8,analogical,2,adaptive_percentile,score_component,0.65,0.65,0,9,-17.9,820.96,7.35,-25.26,835,837,1672,22930,54.5,0,True
binning,8,analogical,2,adaptive_percentile,score_component,0.65,0.65,24,5,-35.76,642.38,7.35,-43.12,1480,1554,3034,76,51.3,5,True
binning,8,analogical,2,adaptive_percentile,score_component,0.65,0.65,48,9,67.84,1678.42,7.35,60.49,774,792,1566,19,52.8,8,True
binning,8,analogical,2,adaptive_percentile,score_component,0.65,0.65,96,5,-6.44,935.6,7.35,-13.79,400,399,799,1,50.4,1,True
binning,8,analogical,2,adaptive_percentile,score_component,0.65,0.65,96,7,-4.24,957.56,7.35,-11.6,400,399,799,1,50.4,1,True
binning,8,analogical,2,adaptive_percentile,score_component,0.65,0.65,96,9,-3.14,968.58,7.35,-10.5,400,399,799,1,50.4,1,True
binning,8,analogical,2,adaptive_percentile,score_component,0.65,0.7,24,7,-9.92,900.77,7.35,-17.28,1450,1529,2979,101,50.4,5,True
binning,8,analogical,2,adaptive_percentile,score_component,0.65,0.7,24,9,7.88,1078.83,7.35,0.53,1467,1529,2996,84,49.5,8,True
binning,8,analogical,2,adaptive_percentile,score_component,0.65,0.7,48,5,7.76,1077.59,7.35,0.4,733,783,1516,60,51.0,4,True
binning,8,analogical,2,adaptive_percentile,score_component,0.65,0.7,48,7,6.16,1061.64,7.35,-1.19,743,783,1526,50,49.4,6,True
binning,8,analogical,2,adaptive_percentile,score_component,0.65,0.7,0,5,-82.34,176.58,7.35,-89.7,4924,5495,10419,13808,53.7,0,True
binning,8,analogical,2,adaptive_percentile,score_component,0.65,0.7,0,7,-71.78,282.24,7.35,-79.13,5002,5570,10572,13655,53.5,0,True
binning,8,analogical,2,adaptive_percentile,score_component,0.65,0.7,0,9,-62.92,370.83,7.35,-70.27,5021,5586,10607,13620,53.5,0,True
binning,8,analogical,2,adaptive_percentile,score_component,0.65,0.7,24,5,-6.61,933.86,7.35,-13.97,1435,1529,2964,116,51.2,4,True
binning,8,analogical,2,adaptive_percentile,score_component,0.65,0.7,48,9,62.61,1626.1,7.35,55.26,751,783,1534,42,51.3,8,True
binning,8,analogical,2,adaptive_percentile,score_component,0.65,0.7,96,5,84.02,1840.25,7.35,76.67,378,397,775,23,53.4,5,True
binning,8,analogical,2,adaptive_percentile,score_component,0.65,0.7,96,7,107.42,2074.17,7.35,100.06,381,397,778,20,52.1,7,True
binning,8,analogical,2,adaptive_percentile,score_component,0.65,0.7,96,9,111.78,2117.82,7.35,104.43,385,397,782,16,51.6,9,True
binning,8,analogical,2,adaptive_percentile,score_component,0.65,0.75,0,5,-91.05,89.51,7.35,-98.4,7709,8282,15991,8136,51.3,3,True
binning,8,analogical,2,adaptive_percentile,score_component,0.65,0.75,0,7,-84.01,159.85,7.35,-91.37,8282,8701,16983,7144,51.0,5,True
binning,8,analogical,2,adaptive_percentile,score_component,0.65,0.75,0,9,-77.5,224.96,7.35,-84.86,8530,8856,17386,6741,50.9,6,True
binning,8,analogical,2,adaptive_percentile,score_component,0.65,0.75,24,5,-6.49,935.07,7.35,-13.85,1318,1393,2711,238,52.5,5,True
binning,8,analogical,2,adaptive_percentile,score_component,0.65,0.75,24,7,-29.81,701.88,7.35,-37.17,1309,1393,2702,247,50.8,4,True
binning,8,analogical,2,adaptive_percentile,score_component,0.65,0.75,24,9,-37.98,620.2,7.35,-45.34,1318,1393,2711,238,50.9,5,True
binning,8,analogical,2,adaptive_percentile,score_component,0.65,0.75,48,5,3.88,1038.76,7.35,-3.48,695,739,1434,97,51.4,4,True
binning,8,analogical,2,adaptive_percentile,score_component,0.65,0.75,48,7,39.7,1396.99,7.35,32.34,705,739,1444,87,51.8,6,True
binning,8,analogical,2,adaptive_percentile,score_component,0.65,0.75,48,9,45.86,1458.63,7.35,38.51,710,739,1449,82,51.3,8,True
binning,8,analogical,2,adaptive_percentile,score_component,0.65,0.75,96,5,62.33,1623.3,7.35,54.98,364,387,751,36,51.4,5,True
binning,8,analogical,2,adaptive_percentile,score_component,0.65,0.75,96,7,107.78,2077.77,7.35,100.42,370,387,757,30,51.2,7,True
binning,8,analogical,2,adaptive_percentile,score_component,0.65,0.75,96,9,128.82,2288.18,7.35,121.46,374,387,761,26,51.9,9,True
binning,8,analogical,2,adaptive_percentile,score_component,0.65,0.8,0,5,-51.5,485.04,7.35,-58.85,2562,2686,5248,18878,49.3,5,True
binning,8,analogical,2,adaptive_percentile,score_component,0.65,0.8,0,7,-33.39,666.13,7.35,-40.74,2582,2686,5268,18858,49.4,7,True
binning,8,analogical,2,adaptive_percentile,score_component,0.65,0.8,0,9,-37.68,623.19,7.35,-45.04,2592,2686,5278,18848,48.3,9,True
binning,8,analogical,2,adaptive_percentile,score_component,0.65,0.8,24,5,-14.14,858.62,7.35,-21.49,974,1029,2003,583,51.2,5,True
binning,8,analogical,2,adaptive_percentile,score_component,0.65,0.8,24,7,-8.01,919.89,7.35,-15.37,978,1029,2007,579,50.9,6,True
binning,8,analogical,2,adaptive_percentile,score_component,0.65,0.8,24,9,6.58,1065.81,7.35,-0.77,988,1029,2017,569,50.8,9,True
binning,8,analogical,2,adaptive_percentile,score_component,0.65,0.8,48,5,-6.47,935.34,7.35,-13.82,599,636,1235,193,49.8,4,True
binning,8,analogical,2,adaptive_percentile,score_component,0.65,0.8,48,7,18.88,1188.81,7.35,11.53,603,636,1239,189,49.4,6,True
binning,8,analogical,2,adaptive_percentile,score_component,0.65,0.8,48,9,33.62,1336.19,7.35,26.26,611,636,1247,181,50.6,8,True
binning,8,analogical,2,adaptive_percentile,score_component,0.65,0.8,96,5,71.32,1713.19,7.35,63.96,331,355,686,69,53.2,4,True
binning,8,analogical,2,adaptive_percentile,score_component,0.65,0.8,96,7,67.48,1674.8,7.35,60.13,338,355,693,62,52.4,6,True
binning,8,analogical,2,adaptive_percentile,score_component,0.65,0.8,96,9,81.49,1814.91,7.35,74.14,340,355,695,60,52.7,8,True
binning,8,analogical,2,adaptive_percentile,score_component,0.7,0.55,0,5,-9.62,903.83,7.35,-16.97,175,175,350,26369,57.7,0,True
binning,8,analogical,2,adaptive_percentile,score_component,0.7,0.55,0,7,-6.96,930.42,7.35,-14.31,175,175,350,26369,57.7,0,True
binning,8,analogical,2,adaptive_percentile,score_component,0.7,0.55,0,9,-5.45,945.5,7.35,-12.8,175,175,350,26369,57.7,0,True
binning,8,analogical,2,adaptive_percentile,score_component,0.7,0.55,24,5,9.39,1093.89,7.35,2.03,1502,1552,3054,46,53.9,4,True
binning,8,analogical,2,adaptive_percentile,score_component,0.7,0.55,24,7,25.67,1256.74,7.35,18.32,1512,1552,3064,36,53.8,6,True
binning,8,analogical,2,adaptive_percentile,score_component,0.7,0.55,24,9,32.87,1328.75,7.35,25.52,1519,1552,3071,29,54.1,7,True
binning,8,analogical,2,adaptive_percentile,score_component,0.7,0.55,48,5,-35.62,643.78,7.35,-42.98,784,784,1568,14,48.2,0,True
binning,8,analogical,2,adaptive_percentile,score_component,0.7,0.55,48,7,-26.8,732.04,7.35,-34.15,784,784,1568,14,48.2,0,True
binning,8,analogical,2,adaptive_percentile,score_component,0.7,0.55,48,9,-21.45,785.47,7.35,-28.81,784,784,1568,14,48.2,0,True
binning,8,analogical,2,adaptive_percentile,score_component,0.7,0.55,96,5,-7.7,923.04,7.35,-15.05,399,398,797,2,50.0,1,True
binning,8,analogical,2,adaptive_percentile,score_component,0.7,0.55,96,7,-5.33,946.71,7.35,-12.68,399,398,797,2,50.0,1,True
binning,8,analogical,2,adaptive_percentile,score_component,0.7,0.55,96,9,-4.07,959.31,7.35,-11.42,399,398,797,2,50.0,1,True
binning,8,analogical,2,adaptive_percentile,score_component,0.7,0.6,0,5,-15.89,841.15,7.35,-23.24,304,304,608,24086,54.3,0,True
binning,8,analogical,2,adaptive_percentile,score_component,0.7,0.6,0,7,-11.61,883.91,7.35,-18.96,304,304,608,24086,54.3,0,True
binning,8,analogical,2,adaptive_percentile,score_component,0.7,0.6,0,9,-9.15,908.54,7.35,-16.5,304,304,608,24086,54.3,0,True
binning,8,analogical,2,adaptive_percentile,score_component,0.7,0.6,24,5,-73.82,261.84,7.35,-81.17,1498,1535,3033,51,51.1,3,True
binning,8,analogical,2,adaptive_percentile,score_component,0.7,0.6,24,7,30.76,1307.61,7.35,23.41,1492,1554,3046,38,52.3,6,True
binning,8,analogical,2,adaptive_percentile,score_component,0.7,0.6,24,9,60.65,1606.49,7.35,53.29,1503,1554,3057,27,52.6,8,True
binning,8,analogical,2,adaptive_percentile,score_component,0.7,0.6,48,5,-30.36,696.42,7.35,-37.71,785,784,1569,10,51.4,1,True
binning,8,analogical,2,adaptive_percentile,score_component,0.7,0.6,48,7,-22.55,774.46,7.35,-29.91,785,784,1569,10,51.4,1,True
binning,8,analogical,2,adaptive_percentile,score_component,0.7,0.6,48,9,-17.93,820.73,7.35,-25.28,785,784,1569,10,51.4,1,True
binning,8,analogical,2,adaptive_percentile,score_component,0.7,0.6,96,5,-8.54,914.58,7.35,-15.9,399,398,797,2,51.5,1,True
binning,8,analogical,2,adaptive_percentile,score_component,0.7,0.6,96,7,-5.93,940.66,7.35,-13.29,399,398,797,2,51.5,1,True
binning,8,analogical,2,adaptive_percentile,score_component,0.7,0.6,96,9,-4.54,954.61,7.35,-11.89,399,398,797,2,51.5,1,True
binning,8,analogical,2,adaptive_percentile,score_component,0.7,0.65,0,5,-16.31,836.87,7.35,-23.67,304,304,608,23463,53.0,0,True
binning,8,analogical,2,adaptive_percentile,score_component,0.7,0.65,0,7,-11.93,880.7,7.35,-19.28,304,304,608,23463,53.0,0,True
binning,8,analogical,2,adaptive_percentile,score_component,0.7,0.65,0,9,-9.4,905.98,7.35,-16.76,304,304,608,23463,53.0,0,True
binning,8,analogical,2,adaptive_percentile,score_component,0.7,0.65,24,5,-16.16,838.38,7.35,-23.52,1485,1544,3029,52,52.9,4,True
binning,8,analogical,2,adaptive_percentile,score_component,0.7,0.65,24,7,43.14,1431.41,7.35,35.79,1491,1553,3044,37,52.6,6,True
binning,8,analogical,2,adaptive_percentile,score_component,0.7,0.65,24,9,74.69,1746.9,7.35,67.34,1502,1553,3055,26,52.7,7,True
binning,8,analogical,2,adaptive_percentile,score_component,0.7,0.65,48,5,-28.64,713.59,7.35,-36.0,785,785,1570,8,51.5,0,True
binning,8,analogical,2,adaptive_percentile,score_component,0.7,0.65,48,7,-21.2,787.97,7.35,-28.56,785,785,1570,8,51.5,0,True
binning,8,analogical,2,adaptive_percentile,score_component,0.7,0.65,48,9,-16.82,831.8,7.35,-24.17,785,785,1570,8,51.5,0,True
binning,8,analogical,2,adaptive_percentile,score_component,0.7,0.65,96,5,-5.1,949.04,7.35,-12.45,399,398,797,2,49.7,1,True
binning,8,analogical,2,adaptive_percentile,score_component,0.7,0.65,96,7,-3.4,965.99,7.35,-10.76,399,398,797,2,49.7,1,True
binning,8,analogical,2,adaptive_percentile,score_component,0.7,0.65,96,9,-2.54,974.61,7.35,-9.89,399,398,797,2,49.7,1,True
binning,8,analogical,2,adaptive_percentile,score_component,0.7,0.7,0,5,-40.73,592.72,7.35,-48.08,1379,1426,2805,17777,55.4,0,True
binning,8,analogical,2,adaptive_percentile,score_component,0.7,0.7,0,7,-31.13,688.74,7.35,-38.48,1379,1426,2805,17777,55.4,0,True
binning,8,analogical,2,adaptive_percentile,score_component,0.7,0.7,0,9,-25.15,748.47,7.35,-32.51,1379,1426,2805,17777,55.4,0,True
binning,8,analogical,2,adaptive_percentile,score_component,0.7,0.7,24,5,-1.94,980.58,7.35,-9.3,1456,1528,2984,64,51.9,4,True
binning,8,analogical,2,adaptive_percentile,score_component,0.7,0.7,24,7,-26.12,738.75,7.35,-33.48,1452,1529,2981,67,50.7,4,True
binning,8,analogical,2,adaptive_percentile,score_component,0.7,0.7,24,9,10.8,1107.96,7.35,3.44,1470,1529,2999,49,50.4,8,True
binning,8,analogical,2,adaptive_percentile,score_component,0.7,0.7,48,5,75.36,1753.57,7.35,68.0,748,782,1530,37,50.8,5,True
binning,8,analogical,2,adaptive_percentile,score_component,0.7,0.7,48,7,108.25,2082.47,7.35,100.89,756,782,1538,29,52.9,7,True
binning,8,analogical,2,adaptive_percentile,score_component,0.7,0.7,48,9,115.88,2158.75,7.35,108.52,758,782,1540,27,51.3,9,True
binning,8,analogical,2,adaptive_percentile,score_component,0.7,0.7,96,5,-3.49,965.1,7.35,-10.84,398,397,795,1,48.9,1,True
binning,8,analogical,2,adaptive_percentile,score_component,0.7,0.7,96,7,-2.17,978.33,7.35,-9.52,398,397,795,1,48.9,1,True
binning,8,analogical,2,adaptive_percentile,score_component,0.7,0.7,96,9,-1.54,984.58,7.35,-8.9,398,397,795,1,48.9,1,True
binning,8,analogical,2,adaptive_percentile,score_component,0.7,0.75,24,7,-26.71,732.9,7.35,-34.06,1326,1393,2719,202,51.0,7,True
binning,8,analogical,2,adaptive_percentile,score_component,0.7,0.75,24,9,-5.01,949.87,7.35,-12.37,1334,1393,2727,194,51.5,8,True
binning,8,analogical,2,adaptive_percentile,score_component,0.7,0.75,48,5,12.35,1123.51,7.35,5.0,697,739,1436,88,51.6,4,True
binning,8,analogical,2,adaptive_percentile,score_component,0.7,0.75,48,7,24.44,1244.4,7.35,17.09,705,739,1444,80,51.8,6,True
binning,8,analogical,2,adaptive_percentile,score_component,0.7,0.75,0,5,-91.1,89.0,7.35,-98.45,7255,7836,15091,5211,51.8,2,True
binning,8,analogical,2,adaptive_percentile,score_component,0.7,0.75,0,7,-84.19,158.07,7.35,-91.55,7873,8324,16197,4105,51.2,2,True
binning,8,analogical,2,adaptive_percentile,score_component,0.7,0.75,0,9,-76.27,237.29,7.35,-83.63,8194,8579,16773,3529,50.8,2,True
binning,8,analogical,2,adaptive_percentile,score_component,0.7,0.75,24,5,-1.41,985.9,7.35,-8.76,1316,1393,2709,212,52.3,5,True
binning,8,analogical,2,adaptive_percentile,score_component,0.7,0.75,48,9,61.69,1616.9,7.35,54.34,711,739,1450,74,50.7,8,True
binning,8,analogical,2,adaptive_percentile,score_component,0.7,0.75,96,5,97.08,1970.78,7.35,89.72,368,387,755,31,51.2,5,True
binning,8,analogical,2,adaptive_percentile,score_component,0.7,0.75,96,7,122.8,2227.99,7.35,115.44,371,387,758,28,51.9,7,True
binning,8,analogical,2,adaptive_percentile,score_component,0.7,0.75,96,9,131.94,2319.4,7.35,124.59,374,387,761,25,52.5,9,True
binning,8,analogical,2,adaptive_percentile,score_component,0.7,0.8,24,7,-27.89,721.11,7.35,-35.24,975,1029,2004,551,49.3,4,True
binning,8,analogical,2,adaptive_percentile,score_component,0.7,0.8,24,9,9.23,1092.27,7.35,1.87,986,1029,2015,540,50.1,9,True
binning,8,analogical,2,adaptive_percentile,score_component,0.7,0.8,48,5,-21.89,781.12,7.35,-29.24,598,636,1234,187,49.8,4,True
binning,8,analogical,2,adaptive_percentile,score_component,0.7,0.8,48,7,-13.23,867.72,7.35,-20.58,603,636,1239,182,50.6,6,True
binning,8,analogical,2,adaptive_percentile,score_component,0.7,0.8,48,9,-11.65,883.48,7.35,-19.01,605,636,1241,180,48.4,6,True
binning,8,analogical,2,adaptive_percentile,score_component,0.7,0.8,96,5,61.33,1613.26,7.35,53.97,330,355,685,69,53.5,4,True
binning,8,analogical,2,adaptive_percentile,score_component,0.7,0.8,96,7,57.57,1575.71,7.35,50.22,337,355,692,62,53.2,6,True
binning,8,analogical,2,adaptive_percentile,score_component,0.7,0.8,96,9,81.19,1811.87,7.35,73.83,340,355,695,59,53.0,8,True
binning,8,analogical,2,adaptive_percentile,score_component,0.7,0.8,0,5,-46.83,531.68,7.35,-54.19,2558,2686,5244,14816,50.2,5,True
binning,8,analogical,2,adaptive_percentile,score_component,0.7,0.8,0,7,-28.99,710.15,7.35,-36.34,2583,2686,5269,14791,49.8,7,True
binning,8,analogical,2,adaptive_percentile,score_component,0.7,0.8,0,9,-37.1,629.01,7.35,-44.45,2592,2686,5278,14782,48.5,9,True
binning,8,analogical,2,adaptive_percentile,score_component,0.7,0.8,24,5,-8.4,916.0,7.35,-15.76,972,1029,2001,554,50.4,5,True
binning,8,analogical,2,adaptive_percentile,score_component,0.75,0.55,0,5,0.0,1000.0,7.35,-7.35,0,0,0,26544,0.0,0,False
binning,8,analogical,2,adaptive_percentile,score_component,0.75,0.55,0,7,0.0,1000.0,7.35,-7.35,0,0,0,26544,0.0,0,False
binning,8,analogical,2,adaptive_percentile,score_component,0.75,0.55,0,9,0.0,1000.0,7.35,-7.35,0,0,0,26544,0.0,0,False
binning,8,analogical,2,adaptive_percentile,score_component,0.75,0.55,24,5,-44.33,556.72,7.35,-51.68,1384,1383,2767,189,51.0,1,True
binning,8,analogical,2,adaptive_percentile,score_component,0.75,0.55,24,7,-34.04,659.63,7.35,-41.39,1384,1383,2767,189,51.0,1,True
binning,8,analogical,2,adaptive_percentile,score_component,0.75,0.55,24,9,-27.58,724.23,7.35,-34.93,1384,1383,2767,189,51.0,1,True
binning,8,analogical,2,adaptive_percentile,score_component,0.75,0.55,48,5,-24.9,750.99,7.35,-32.26,746,746,1492,52,50.0,0,True
binning,8,analogical,2,adaptive_percentile,score_component,0.75,0.55,48,7,-18.34,816.63,7.35,-25.69,746,746,1492,52,50.0,0,True
binning,8,analogical,2,adaptive_percentile,score_component,0.75,0.55,48,9,-14.5,854.96,7.35,-21.86,746,746,1492,52,50.0,0,True
binning,8,analogical,2,adaptive_percentile,score_component,0.75,0.55,96,5,-17.21,827.9,7.35,-24.56,388,387,775,13,51.4,1,True
binning,8,analogical,2,adaptive_percentile,score_component,0.75,0.55,96,7,-12.41,875.89,7.35,-19.77,388,387,775,13,51.4,1,True
binning,8,analogical,2,adaptive_percentile,score_component,0.75,0.55,96,9,-9.7,902.99,7.35,-17.06,388,387,775,13,51.4,1,True
binning,8,analogical,2,adaptive_percentile,score_component,0.75,0.6,48,9,-15.43,845.68,7.35,-22.79,744,743,1487,51,50.1,1,True
binning,8,analogical,2,adaptive_percentile,score_component,0.75,0.6,96,5,-15.31,846.86,7.35,-22.67,388,388,776,12,52.6,0,True
binning,8,analogical,2,adaptive_percentile,score_component,0.75,0.6,96,7,-10.97,890.35,7.35,-18.32,388,388,776,12,52.6,0,True
binning,8,analogical,2,adaptive_percentile,score_component,0.75,0.6,96,9,-8.54,914.64,7.35,-15.89,388,388,776,12,52.6,0,True
binning,8,analogical,2,adaptive_percentile,score_component,0.75,0.6,0,5,-1.81,981.94,7.35,-9.16,23,23,46,24367,39.1,0,False
binning,8,analogical,2,adaptive_percentile,score_component,0.75,0.6,0,7,-1.29,987.07,7.35,-8.65,23,23,46,24367,39.1,0,False
binning,8,analogical,2,adaptive_percentile,score_component,0.75,0.6,0,9,-1.01,989.93,7.35,-8.36,23,23,46,24367,39.1,0,False
binning,8,analogical,2,adaptive_percentile,score_component,0.75,0.6,24,5,-38.76,612.43,7.35,-46.11,1383,1383,2766,176,49.1,0,True
binning,8,analogical,2,adaptive_percentile,score_component,0.75,0.6,24,7,-29.37,706.31,7.35,-36.72,1383,1383,2766,176,49.1,0,True
binning,8,analogical,2,adaptive_percentile,score_component,0.75,0.6,24,9,-23.61,763.88,7.35,-30.97,1383,1383,2766,176,49.1,0,True
binning,8,analogical,2,adaptive_percentile,score_component,0.75,0.6,48,5,-26.44,735.59,7.35,-33.8,744,743,1487,51,50.1,1,True
binning,8,analogical,2,adaptive_percentile,score_component,0.75,0.6,48,7,-19.5,805.03,7.35,-26.85,744,743,1487,51,50.1,1,True
binning,8,analogical,2,adaptive_percentile,score_component,0.75,0.65,24,7,-24.7,753.04,7.35,-32.05,1383,1382,2765,175,50.0,1,True
binning,8,analogical,2,adaptive_percentile,score_component,0.75,0.65,24,9,-19.71,802.86,7.35,-27.07,1383,1382,2765,175,50.0,1,True
binning,8,analogical,2,adaptive_percentile,score_component,0.75,0.65,48,5,-31.11,688.87,7.35,-38.47,746,745,1491,48,52.3,1,True
binning,8,analogical,2,adaptive_percentile,score_component,0.75,0.65,48,7,-23.17,768.3,7.35,-30.53,746,745,1491,48,52.3,1,True
binning,8,analogical,2,adaptive_percentile,score_component,0.75,0.65,0,5,-1.75,982.52,7.35,-9.1,23,23,46,23744,43.5,0,False
binning,8,analogical,2,adaptive_percentile,score_component,0.75,0.65,0,7,-1.25,987.49,7.35,-8.61,23,23,46,23744,43.5,0,False
binning,8,analogical,2,adaptive_percentile,score_component,0.75,0.65,0,9,-0.97,990.26,7.35,-8.33,23,23,46,23744,43.5,0,False
binning,8,analogical,2,adaptive_percentile,score_component,0.75,0.65,24,5,-33.0,670.04,7.35,-40.35,1383,1382,2765,175,50.0,1,True
binning,8,analogical,2,adaptive_percentile,score_component,0.75,0.65,48,9,-18.44,815.57,7.35,-25.8,746,745,1491,48,52.3,1,True
binning,8,analogical,2,adaptive_percentile,score_component,0.75,0.65,96,5,-9.57,904.29,7.35,-16.93,386,386,772,14,51.3,0,True
binning,8,analogical,2,adaptive_percentile,score_component,0.75,0.65,96,7,-6.72,932.78,7.35,-14.08,386,386,772,14,51.3,0,True
binning,8,analogical,2,adaptive_percentile,score_component,0.75,0.65,96,9,-5.18,948.25,7.35,-12.53,386,386,772,14,51.3,0,True
binning,8,analogical,2,adaptive_percentile,score_component,0.75,0.7,0,5,-21.17,788.28,7.35,-28.53,802,819,1621,18384,57.1,0,True
binning,8,analogical,2,adaptive_percentile,score_component,0.75,0.7,0,7,-15.6,843.96,7.35,-22.96,802,819,1621,18384,57.1,0,True
binning,8,analogical,2,adaptive_percentile,score_component,0.75,0.7,0,9,-12.35,876.49,7.35,-19.71,802,819,1621,18384,57.1,0,True
binning,8,analogical,2,adaptive_percentile,score_component,0.75,0.7,24,5,-28.57,714.33,7.35,-35.92,1390,1401,2791,129,51.1,1,True
binning,8,analogical,2,adaptive_percentile,score_component,0.75,0.7,24,7,-21.05,789.5,7.35,-28.4,1390,1401,2791,129,51.1,1,True
binning,8,analogical,2,adaptive_percentile,score_component,0.75,0.7,24,9,-16.65,833.52,7.35,-24.0,1390,1401,2791,129,51.1,1,True
binning,8,analogical,2,adaptive_percentile,score_component,0.75,0.7,48,5,61.67,1616.73,7.35,54.32,738,769,1507,22,51.8,3,True
binning,8,analogical,2,adaptive_percentile,score_component,0.75,0.7,48,7,72.26,1722.56,7.35,64.9,743,769,1512,17,52.9,4,True
binning,8,analogical,2,adaptive_percentile,score_component,0.75,0.7,48,9,58.36,1583.62,7.35,51.01,745,769,1514,15,52.9,5,True
binning,8,analogical,2,adaptive_percentile,score_component,0.75,0.7,96,5,14.81,1148.08,7.35,7.45,381,393,774,11,50.9,4,True
binning,8,analogical,2,adaptive_percentile,score_component,0.75,0.7,96,7,20.21,1202.09,7.35,12.85,383,393,776,9,49.4,6,True
binning,8,analogical,2,adaptive_percentile,score_component,0.75,0.7,96,9,15.71,1157.1,7.35,8.36,385,393,778,7,49.9,6,True
binning,8,analogical,2,adaptive_percentile,score_component,0.75,0.75,0,5,-59.26,407.44,7.35,-66.61,2972,3175,6147,5848,57.1,0,True
binning,8,analogical,2,adaptive_percentile,score_component,0.75,0.75,0,7,-45.83,541.71,7.35,-53.18,2983,3185,6168,5827,57.2,0,True
binning,8,analogical,2,adaptive_percentile,score_component,0.75,0.75,0,9,-37.75,622.47,7.35,-45.11,2985,3187,6172,5823,57.2,0,True
binning,8,analogical,2,adaptive_percentile,score_component,0.75,0.75,24,5,-11.94,880.63,7.35,-19.29,1312,1387,2699,57,51.8,4,True
binning,8,analogical,2,adaptive_percentile,score_component,0.75,0.75,24,7,-8.29,917.08,7.35,-15.65,1324,1389,2713,43,50.9,6,True
binning,8,analogical,2,adaptive_percentile,score_component,0.75,0.75,24,9,13.62,1136.16,7.35,6.26,1332,1389,2721,35,50.7,8,True
binning,8,analogical,2,adaptive_percentile,score_component,0.75,0.75,48,5,22.46,1224.64,7.35,15.11,692,738,1430,53,51.2,5,True
binning,8,analogical,2,adaptive_percentile,score_component,0.75,0.75,48,7,64.03,1640.32,7.35,56.68,702,738,1440,43,51.6,7,True
binning,8,analogical,2,adaptive_percentile,score_component,0.75,0.75,48,9,61.33,1613.26,7.35,53.97,709,738,1447,36,51.2,9,True
binning,8,analogical,2,adaptive_percentile,score_component,0.75,0.75,96,5,36.69,1366.86,7.35,29.33,365,386,751,24,50.3,5,True
binning,8,analogical,2,adaptive_percentile,score_component,0.75,0.75,96,7,58.8,1587.99,7.35,51.44,368,386,754,21,50.8,6,True
binning,8,analogical,2,adaptive_percentile,score_component,0.75,0.75,96,9,89.51,1895.15,7.35,82.16,371,386,757,18,51.3,8,True
binning,8,analogical,2,adaptive_percentile,score_component,0.75,0.8,0,5,-57.1,428.96,7.35,-64.46,2547,2683,5230,5882,50.5,5,True
binning,8,analogical,2,adaptive_percentile,score_component,0.75,0.8,0,7,-34.09,659.13,7.35,-41.44,2582,2685,5267,5845,49.8,7,True
binning,8,analogical,2,adaptive_percentile,score_component,0.75,0.8,0,9,-30.35,696.49,7.35,-37.71,2591,2685,5276,5836,49.3,9,True
binning,8,analogical,2,adaptive_percentile,score_component,0.75,0.8,24,5,-15.66,843.37,7.35,-23.02,970,1029,1999,421,50.0,5,True
binning,8,analogical,2,adaptive_percentile,score_component,0.75,0.8,24,7,-14.11,858.92,7.35,-21.46,984,1029,2013,407,51.1,7,True
binning,8,analogical,2,adaptive_percentile,score_component,0.75,0.8,24,9,4.4,1043.99,7.35,-2.96,986,1029,2015,405,49.9,9,True
binning,8,analogical,2,adaptive_percentile,score_component,0.75,0.8,48,5,-11.37,886.3,7.35,-18.72,596,635,1231,151,50.4,4,True
binning,8,analogical,2,adaptive_percentile,score_component,0.75,0.8,48,7,-9.87,901.25,7.35,-17.23,602,635,1237,145,50.7,6,True
binning,8,analogical,2,adaptive_percentile,score_component,0.75,0.8,48,9,35.5,1354.99,7.35,28.14,607,635,1242,140,50.1,8,True
binning,8,analogical,2,adaptive_percentile,score_component,0.75,0.8,96,5,41.86,1418.63,7.35,34.51,328,354,682,61,50.8,4,True
binning,8,analogical,2,adaptive_percentile,score_component,0.75,0.8,96,7,59.29,1592.89,7.35,51.93,335,354,689,54,50.3,6,True
binning,8,analogical,2,adaptive_percentile,score_component,0.75,0.8,96,9,64.97,1649.73,7.35,57.62,339,354,693,50,51.1,8,True
binning,8,analogical,2,adaptive_percentile,score_component,0.8,0.55,0,5,0.0,1000.0,7.35,-7.35,0,0,0,26544,0.0,0,False
binning,8,analogical,2,adaptive_percentile,score_component,0.8,0.55,0,7,0.0,1000.0,7.35,-7.35,0,0,0,26544,0.0,0,False
binning,8,analogical,2,adaptive_percentile,score_component,0.8,0.55,0,9,0.0,1000.0,7.35,-7.35,0,0,0,26544,0.0,0,False
binning,8,analogical,2,adaptive_percentile,score_component,0.8,0.55,24,5,-30.78,692.23,7.35,-38.13,1050,1049,2099,523,52.2,1,True
binning,8,analogical,2,adaptive_percentile,score_component,0.8,0.55,24,7,-22.99,770.1,7.35,-30.34,1050,1049,2099,523,52.2,1,True
binning,8,analogical,2,adaptive_percentile,score_component,0.8,0.55,24,9,-18.33,816.66,7.35,-25.69,1050,1049,2099,523,52.2,1,True
binning,8,analogical,2,adaptive_percentile,score_component,0.8,0.55,48,5,-32.63,673.68,7.35,-39.99,639,639,1278,159,49.8,0,True
binning,8,analogical,2,adaptive_percentile,score_component,0.8,0.55,48,7,-24.44,755.62,7.35,-31.79,639,639,1278,159,49.8,0,True
binning,8,analogical,2,adaptive_percentile,score_component,0.8,0.55,48,9,-19.52,804.84,7.35,-26.87,639,639,1278,159,49.8,0,True
binning,8,analogical,2,adaptive_percentile,score_component,0.8,0.55,96,5,-8.39,916.09,7.35,-15.75,355,354,709,46,52.3,1,True
binning,8,analogical,2,adaptive_percentile,score_component,0.8,0.55,96,7,-5.84,941.56,7.35,-13.2,355,354,709,46,52.3,1,True
binning,8,analogical,2,adaptive_percentile,score_component,0.8,0.55,96,9,-4.48,955.23,7.35,-11.83,355,354,709,46,52.3,1,True
binning,8,analogical,2,adaptive_percentile,score_component,0.8,0.6,24,7,-26.83,731.7,7.35,-34.18,1045,1045,2090,514,50.1,0,True
binning,8,analogical,2,adaptive_percentile,score_component,0.8,0.6,24,9,-21.51,784.89,7.35,-28.87,1045,1045,2090,514,50.1,0,True
binning,8,analogical,2,adaptive_percentile,score_component,0.8,0.6,48,5,-24.34,756.65,7.35,-31.69,638,637,1275,157,52.0,1,True
binning,8,analogical,2,adaptive_percentile,score_component,0.8,0.6,48,7,-17.89,821.15,7.35,-25.24,638,637,1275,157,52.0,1,True
binning,8,analogical,2,adaptive_percentile,score_component,0.8,0.6,0,5,0.0,1000.0,7.35,-7.35,0,0,0,24390,0.0,0,False
binning,8,analogical,2,adaptive_percentile,score_component,0.8,0.6,0,7,0.0,1000.0,7.35,-7.35,0,0,0,24390,0.0,0,False
binning,8,analogical,2,adaptive_percentile,score_component,0.8,0.6,0,9,0.0,1000.0,7.35,-7.35,0,0,0,24390,0.0,0,False
binning,8,analogical,2,adaptive_percentile,score_component,0.8,0.6,24,5,-35.58,644.18,7.35,-42.94,1045,1045,2090,514,50.1,0,True
binning,8,analogical,2,adaptive_percentile,score_component,0.8,0.6,48,9,-14.13,858.69,7.35,-21.49,638,637,1275,157,52.0,1,True
binning,8,analogical,2,adaptive_percentile,score_component,0.8,0.6,96,5,-10.77,892.28,7.35,-18.13,355,355,710,45,49.9,0,True
binning,8,analogical,2,adaptive_percentile,score_component,0.8,0.6,96,7,-7.57,924.29,7.35,-14.93,355,355,710,45,49.9,0,True
binning,8,analogical,2,adaptive_percentile,score_component,0.8,0.6,96,9,-5.83,941.69,7.35,-13.19,355,355,710,45,49.9,0,True
binning,8,analogical,2,adaptive_percentile,score_component,0.8,0.65,24,7,-24.26,757.36,7.35,-31.62,1041,1040,2081,517,50.5,1,True
binning,8,analogical,2,adaptive_percentile,score_component,0.8,0.65,24,9,-19.38,806.21,7.35,-26.73,1041,1040,2081,517,50.5,1,True
binning,8,analogical,2,adaptive_percentile,score_component,0.8,0.65,48,5,-20.1,798.97,7.35,-27.46,638,637,1275,156,53.2,1,True
binning,8,analogical,2,adaptive_percentile,score_component,0.8,0.65,48,7,-14.61,853.86,7.35,-21.97,638,637,1275,156,53.2,1,True
binning,8,analogical,2,adaptive_percentile,score_component,0.8,0.65,0,5,0.0,1000.0,7.35,-7.35,0,0,0,23767,0.0,0,False
binning,8,analogical,2,adaptive_percentile,score_component,0.8,0.65,0,7,0.0,1000.0,7.35,-7.35,0,0,0,23767,0.0,0,False
binning,8,analogical,2,adaptive_percentile,score_component,0.8,0.65,0,9,0.0,1000.0,7.35,-7.35,0,0,0,23767,0.0,0,False
binning,8,analogical,2,adaptive_percentile,score_component,0.8,0.65,24,5,-32.4,676.05,7.35,-39.75,1041,1040,2081,517,50.5,1,True
binning,8,analogical,2,adaptive_percentile,score_component,0.8,0.65,48,9,-11.47,885.26,7.35,-18.83,638,637,1275,156,53.2,1,True
binning,8,analogical,2,adaptive_percentile,score_component,0.8,0.65,96,5,-8.33,916.72,7.35,-15.68,354,354,708,46,48.6,0,True
binning,8,analogical,2,adaptive_percentile,score_component,0.8,0.65,96,7,-5.78,942.15,7.35,-13.14,354,354,708,46,48.6,0,True
binning,8,analogical,2,adaptive_percentile,score_component,0.8,0.65,96,9,-4.42,955.75,7.35,-11.78,354,354,708,46,48.6,0,True
binning,8,analogical,2,adaptive_percentile,score_component,0.8,0.7,0,5,-13.56,864.41,7.35,-20.91,508,514,1022,18689,58.0,0,True
binning,8,analogical,2,adaptive_percentile,score_component,0.8,0.7,0,7,-9.87,901.31,7.35,-17.22,508,514,1022,18689,58.0,0,True
binning,8,analogical,2,adaptive_percentile,score_component,0.8,0.7,0,9,-7.76,922.43,7.35,-15.11,508,514,1022,18689,58.0,0,True
binning,8,analogical,2,adaptive_percentile,score_component,0.8,0.7,24,5,-28.16,718.41,7.35,-35.51,1046,1049,2095,481,51.7,0,True
binning,8,analogical,2,adaptive_percentile,score_component,0.8,0.7,48,9,-12.89,871.12,7.35,-20.24,638,637,1275,147,49.9,1,True
binning,8,analogical,2,adaptive_percentile,score_component,0.8,0.7,96,5,-11.12,888.8,7.35,-18.47,354,354,708,44,51.1,0,True
binning,8,analogical,2,adaptive_percentile,score_component,0.8,0.7,96,7,-7.89,921.13,7.35,-15.24,354,354,708,44,51.1,0,True
binning,8,analogical,2,adaptive_percentile,score_component,0.8,0.7,96,9,-6.11,938.93,7.35,-13.46,354,354,708,44,51.1,0,True
binning,8,analogical,2,adaptive_percentile,score_component,0.8,0.7,24,7,-20.92,790.83,7.35,-28.27,1046,1049,2095,481,51.7,0,True
binning,8,analogical,2,adaptive_percentile,score_component,0.8,0.7,24,9,-16.63,833.73,7.35,-23.98,1046,1049,2095,481,51.7,0,True
binning,8,analogical,2,adaptive_percentile,score_component,0.8,0.7,48,5,-22.36,776.35,7.35,-29.72,638,637,1275,147,49.9,1,True
binning,8,analogical,2,adaptive_percentile,score_component,0.8,0.7,48,7,-16.36,836.42,7.35,-23.71,638,637,1275,147,49.9,1,True
binning,8,analogical,2,adaptive_percentile,score_component,0.8,0.75,0,5,-46.17,538.26,7.35,-53.53,2014,2092,4106,6920,57.1,0,True
binning,8,analogical,2,adaptive_percentile,score_component,0.8,0.75,0,7,-35.12,648.78,7.35,-42.48,2016,2093,4109,6917,57.1,0,True
binning,8,analogical,2,adaptive_percentile,score_component,0.8,0.75,0,9,-28.51,714.95,7.35,-35.86,2016,2093,4109,6917,57.1,0,True
binning,8,analogical,2,adaptive_percentile,score_component,0.8,0.75,24,5,-29.03,709.7,7.35,-36.38,1048,1063,2111,331,51.6,1,True
binning,8,analogical,2,adaptive_percentile,score_component,0.8,0.75,48,9,-15.9,841.01,7.35,-23.25,636,645,1281,94,50.7,1,True
binning,8,analogical,2,adaptive_percentile,score_component,0.8,0.75,96,5,1.48,1014.76,7.35,-5.88,355,368,723,19,51.6,2,True
binning,8,analogical,2,adaptive_percentile,score_component,0.8,0.75,96,7,1.35,1013.48,7.35,-6.01,355,368,723,19,51.6,2,True
binning,8,analogical,2,adaptive_percentile,score_component,0.8,0.75,96,9,1.17,1011.74,7.35,-6.18,355,368,723,19,51.6,2,True
binning,8,analogical,2,adaptive_percentile,score_component,0.8,0.75,24,7,-21.57,784.33,7.35,-28.92,1048,1063,2111,331,51.6,1,True
binning,8,analogical,2,adaptive_percentile,score_component,0.8,0.75,24,9,-17.15,828.55,7.35,-24.5,1048,1063,2111,331,51.6,1,True
binning,8,analogical,2,adaptive_percentile,score_component,0.8,0.75,48,5,-27.51,724.86,7.35,-34.87,636,645,1281,94,50.7,1,True
binning,8,analogical,2,adaptive_percentile,score_component,0.8,0.75,48,7,-20.16,798.38,7.35,-27.52,636,645,1281,94,50.7,1,True
binning,8,analogical,2,adaptive_percentile,score_component,0.8,0.8,0,5,-60.42,395.77,7.35,-67.78,2334,2487,4821,834,52.4,3,True
binning,8,analogical,2,adaptive_percentile,score_component,0.8,0.8,0,7,-49.03,509.71,7.35,-56.38,2444,2569,5013,642,52.4,5,True
binning,8,analogical,2,adaptive_percentile,score_component,0.8,0.8,0,9,-39.34,606.64,7.35,-46.69,2492,2605,5097,558,51.1,5,True
binning,8,analogical,2,adaptive_percentile,score_component,0.8,0.8,24,5,-31.31,686.92,7.35,-38.66,957,1018,1975,123,50.5,4,True
binning,8,analogical,2,adaptive_percentile,score_component,0.8,0.8,24,7,-6.9,931.02,7.35,-14.25,974,1026,2000,98,51.0,6,True
binning,8,analogical,2,adaptive_percentile,score_component,0.8,0.8,24,9,2.67,1026.65,7.35,-4.69,982,1026,2008,90,51.7,8,True
binning,8,analogical,2,adaptive_percentile,score_component,0.8,0.8,48,5,-12.48,875.21,7.35,-19.83,594,635,1229,48,50.1,4,True
binning,8,analogical,2,adaptive_percentile,score_component,0.8,0.8,48,7,-13.39,866.06,7.35,-20.75,601,635,1236,41,52.0,6,True
binning,8,analogical,2,adaptive_percentile,score_component,0.8,0.8,48,9,34.1,1341.05,7.35,26.75,605,635,1240,37,49.8,8,True
binning,8,analogical,2,adaptive_percentile,score_component,0.8,0.8,96,5,62.02,1620.2,7.35,54.67,329,354,683,27,52.5,4,True
binning,8,analogical,2,adaptive_percentile,score_component,0.8,0.8,96,7,81.79,1817.87,7.35,74.43,338,354,692,18,52.8,5,True
binning,8,analogical,2,adaptive_percentile,score_component,0.8,0.8,96,9,102.09,2020.86,7.35,94.73,340,354,694,16,50.8,7,True
binning,8,analogical,2,adaptive_percentile,filter_and,0.55,0.55,0,5,-12.09,879.1,7.35,-19.44,308,312,620,3422,51.0,0,True
binning,8,analogical,2,adaptive_percentile,filter_and,0.55,0.55,0,7,-8.75,912.48,7.35,-16.11,308,312,620,3422,51.0,0,True
binning,8,analogical,2,adaptive_percentile,filter_and,0.55,0.55,0,9,-6.86,931.43,7.35,-14.21,308,312,620,3422,51.0,0,True
binning,8,analogical,2,adaptive_percentile,filter_and,0.55,0.55,24,5,-44.47,555.27,7.35,-51.83,894,942,1836,77,50.1,1,True
binning,8,analogical,2,adaptive_percentile,filter_and,0.55,0.55,24,7,-30.71,692.94,7.35,-38.06,896,944,1840,73,50.2,1,True
binning,8,analogical,2,adaptive_percentile,filter_and,0.55,0.55,24,9,-24.31,756.89,7.35,-31.67,896,944,1840,73,50.2,1,True
binning,8,analogical,2,adaptive_percentile,filter_and,0.55,0.55,48,5,43.81,1438.08,7.35,36.45,573,609,1182,24,53.5,4,True
binning,8,analogical,2,adaptive_percentile,filter_and,0.55,0.55,48,7,47.87,1478.72,7.35,40.52,580,609,1189,17,52.4,5,True
binning,8,analogical,2,adaptive_percentile,filter_and,0.55,0.55,48,9,49.0,1489.97,7.35,41.64,583,609,1192,14,52.4,7,True
binning,8,analogical,2,adaptive_percentile,filter_and,0.55,0.55,96,5,-44.64,553.56,7.35,-52.0,331,347,678,19,48.7,3,True
binning,8,analogical,2,adaptive_percentile,filter_and,0.55,0.55,96,7,33.83,1338.25,7.35,26.47,333,353,686,11,49.3,5,True
binning,8,analogical,2,adaptive_percentile,filter_and,0.55,0.55,96,9,43.25,1432.51,7.35,35.9,336,353,689,8,50.4,6,True
binning,8,analogical,2,adaptive_percentile,filter_and,0.55,0.6,0,5,-13.31,866.89,7.35,-20.67,344,353,697,3238,50.7,0,True
binning,8,analogical,2,adaptive_percentile,filter_and,0.55,0.6,0,7,-9.65,903.49,7.35,-17.01,344,353,697,3238,50.7,0,True
binning,8,analogical,2,adaptive_percentile,filter_and,0.55,0.6,0,9,-7.57,924.31,7.35,-14.92,344,353,697,3238,50.7,0,True
binning,8,analogical,2,adaptive_percentile,filter_and,0.55,0.6,24,5,-39.64,603.55,7.35,-47.0,893,943,1836,65,50.7,1,True
binning,8,analogical,2,adaptive_percentile,filter_and,0.55,0.6,24,7,-26.46,735.45,7.35,-33.81,895,945,1840,61,50.8,1,True
binning,8,analogical,2,adaptive_percentile,filter_and,0.55,0.6,24,9,-20.72,792.83,7.35,-28.07,895,945,1840,61,50.8,1,True
binning,8,analogical,2,adaptive_percentile,filter_and,0.55,0.6,48,5,35.48,1354.79,7.35,28.12,572,608,1180,22,53.9,4,True
binning,8,analogical,2,adaptive_percentile,filter_and,0.55,0.6,48,7,44.2,1442.04,7.35,36.85,578,608,1186,16,52.6,5,True
binning,8,analogical,2,adaptive_percentile,filter_and,0.55,0.6,48,9,45.19,1451.87,7.35,37.83,582,608,1190,12,52.5,7,True
binning,8,analogical,2,adaptive_percentile,filter_and,0.55,0.6,96,5,-43.78,562.21,7.35,-51.13,332,347,679,16,48.4,3,True
binning,8,analogical,2,adaptive_percentile,filter_and,0.55,0.6,96,7,40.46,1404.59,7.35,33.1,331,350,681,14,49.4,5,True
binning,8,analogical,2,adaptive_percentile,filter_and,0.55,0.6,96,9,75.87,1758.73,7.35,68.52,333,350,683,12,49.7,6,True
binning,8,analogical,2,adaptive_percentile,filter_and,0.55,0.65,0,5,-15.18,848.18,7.35,-22.54,344,353,697,3165,49.9,0,True
binning,8,analogical,2,adaptive_percentile,filter_and,0.55,0.65,0,7,-11.04,889.55,7.35,-18.4,344,353,697,3165,49.9,0,True
binning,8,analogical,2,adaptive_percentile,filter_and,0.55,0.65,0,9,-8.68,913.22,7.35,-16.03,344,353,697,3165,49.9,0,True
binning,8,analogical,2,adaptive_percentile,filter_and,0.55,0.65,24,5,-42.77,572.26,7.35,-50.13,890,940,1830,61,50.6,1,True
binning,8,analogical,2,adaptive_percentile,filter_and,0.55,0.65,48,9,34.36,1343.63,7.35,27.01,580,606,1186,11,52.1,7,True
binning,8,analogical,2,adaptive_percentile,filter_and,0.55,0.65,96,5,-42.68,573.18,7.35,-50.04,332,347,679,16,48.4,3,True
binning,8,analogical,2,adaptive_percentile,filter_and,0.55,0.65,96,7,42.02,1420.22,7.35,34.67,331,350,681,14,49.4,5,True
binning,8,analogical,2,adaptive_percentile,filter_and,0.55,0.65,96,9,77.08,1770.83,7.35,69.73,333,350,683,12,49.7,6,True
binning,8,analogical,2,adaptive_percentile,filter_and,0.55,0.65,24,7,-31.02,689.79,7.35,-38.38,891,941,1832,59,50.6,1,True
binning,8,analogical,2,adaptive_percentile,filter_and,0.55,0.65,24,9,-24.44,755.57,7.35,-31.8,891,941,1832,59,50.6,1,True
binning,8,analogical,2,adaptive_percentile,filter_and,0.55,0.65,48,5,36.67,1366.75,7.35,29.32,569,606,1175,22,53.1,4,True
binning,8,analogical,2,adaptive_percentile,filter_and,0.55,0.65,48,7,33.92,1339.2,7.35,26.57,577,606,1183,14,53.3,6,True
binning,8,analogical,2,adaptive_percentile,filter_and,0.55,0.7,0,5,-13.01,869.86,7.35,-20.37,345,354,699,3125,50.0,0,True
binning,8,analogical,2,adaptive_percentile,filter_and,0.55,0.7,0,7,-9.42,905.82,7.35,-16.77,345,354,699,3125,50.0,0,True
binning,8,analogical,2,adaptive_percentile,filter_and,0.55,0.7,0,9,-7.38,926.22,7.35,-14.73,345,354,699,3125,50.0,0,True
binning,8,analogical,2,adaptive_percentile,filter_and,0.55,0.7,24,5,-52.19,478.08,7.35,-59.55,883,930,1813,71,49.9,1,True
binning,8,analogical,2,adaptive_percentile,filter_and,0.55,0.7,48,9,33.67,1336.72,7.35,26.32,579,603,1182,13,52.1,7,True
binning,8,analogical,2,adaptive_percentile,filter_and,0.55,0.7,96,5,-31.33,686.74,7.35,-38.68,332,346,678,15,48.8,3,True
binning,8,analogical,2,adaptive_percentile,filter_and,0.55,0.7,96,7,51.93,1519.27,7.35,44.57,330,349,679,14,51.0,5,True
binning,8,analogical,2,adaptive_percentile,filter_and,0.55,0.7,96,9,83.33,1833.33,7.35,75.98,332,349,681,12,50.7,6,True
binning,8,analogical,2,adaptive_percentile,filter_and,0.55,0.7,24,7,-35.57,644.35,7.35,-42.92,887,933,1820,64,50.5,1,True
binning,8,analogical,2,adaptive_percentile,filter_and,0.55,0.7,24,9,-28.1,719.04,7.35,-35.45,887,933,1820,64,50.5,1,True
binning,8,analogical,2,adaptive_percentile,filter_and,0.55,0.7,48,5,43.7,1436.96,7.35,36.34,567,603,1170,25,53.4,4,True
binning,8,analogical,2,adaptive_percentile,filter_and,0.55,0.7,48,7,39.74,1397.39,7.35,32.38,575,603,1178,17,52.9,6,True
binning,8,analogical,2,adaptive_percentile,filter_and,0.55,0.75,0,5,36.0,1359.99,7.35,28.64,907,988,1895,1918,54.9,0,True
binning,8,analogical,2,adaptive_percentile,filter_and,0.55,0.75,0,7,39.01,1390.07,7.35,31.65,1010,1087,2097,1716,54.1,0,True
binning,8,analogical,2,adaptive_percentile,filter_and,0.55,0.75,0,9,31.16,1311.58,7.35,23.8,1103,1176,2279,1534,53.0,0,True
binning,8,analogical,2,adaptive_percentile,filter_and,0.55,0.75,24,5,-18.04,819.63,7.35,-25.39,706,755,1461,248,51.9,4,True
binning,8,analogical,2,adaptive_percentile,filter_and,0.55,0.75,24,7,-25.31,746.88,7.35,-32.67,723,756,1479,230,51.7,5,True
binning,8,analogical,2,adaptive_percentile,filter_and,0.55,0.75,24,9,-17.83,821.66,7.35,-25.19,728,755,1483,226,52.7,8,True
binning,8,analogical,2,adaptive_percentile,filter_and,0.55,0.75,48,5,20.09,1200.91,7.35,12.74,484,514,998,111,52.9,4,True
binning,8,analogical,2,adaptive_percentile,filter_and,0.55,0.75,48,7,-5.32,946.82,7.35,-12.67,488,514,1002,107,52.9,6,True
binning,8,analogical,2,adaptive_percentile,filter_and,0.55,0.75,48,9,-12.27,877.32,7.35,-19.62,491,514,1005,104,52.1,8,True
binning,8,analogical,2,adaptive_percentile,filter_and,0.55,0.75,96,5,1.48,1014.8,7.35,-5.87,288,310,598,61,51.0,4,True
binning,8,analogical,2,adaptive_percentile,filter_and,0.55,0.75,96,7,-11.44,885.61,7.35,-18.79,294,310,604,55,50.0,6,True
binning,8,analogical,2,adaptive_percentile,filter_and,0.55,0.75,96,9,29.86,1298.63,7.35,22.51,298,310,608,51,50.3,8,True
binning,8,analogical,2,adaptive_percentile,filter_and,0.55,0.8,0,5,-16.36,836.36,7.35,-23.72,403,428,831,2982,49.3,5,True
binning,8,analogical,2,adaptive_percentile,filter_and,0.55,0.8,0,7,-6.06,939.42,7.35,-13.41,410,429,839,2974,50.8,7,True
binning,8,analogical,2,adaptive_percentile,filter_and,0.55,0.8,0,9,-23.84,761.59,7.35,-31.2,414,429,843,2970,51.7,9,True
binning,8,analogical,2,adaptive_percentile,filter_and,0.55,0.8,24,5,-6.12,938.75,7.35,-13.48,320,340,660,692,50.0,5,True
binning,8,analogical,2,adaptive_percentile,filter_and,0.55,0.8,24,7,-8.24,917.56,7.35,-15.6,324,340,664,688,49.4,7,True
binning,8,analogical,2,adaptive_percentile,filter_and,0.55,0.8,24,9,30.65,1306.49,7.35,23.29,329,340,669,683,49.4,9,True
binning,8,analogical,2,adaptive_percentile,filter_and,0.55,0.8,48,5,0.49,1004.89,7.35,-6.87,261,278,539,358,49.6,5,True
binning,8,analogical,2,adaptive_percentile,filter_and,0.55,0.8,48,7,34.81,1348.13,7.35,27.46,266,278,544,353,50.7,7,True
binning,8,analogical,2,adaptive_percentile,filter_and,0.55,0.8,48,9,34.46,1344.58,7.35,27.1,272,278,550,347,50.7,9,True
binning,8,analogical,2,adaptive_percentile,filter_and,0.55,0.8,96,5,-8.97,910.3,7.35,-16.33,192,202,394,163,53.5,5,True
binning,8,analogical,2,adaptive_percentile,filter_and,0.55,0.8,96,7,45.52,1455.24,7.35,38.17,194,202,396,161,52.5,7,True
binning,8,analogical,2,adaptive_percentile,filter_and,0.55,0.8,96,9,42.73,1427.3,7.35,35.38,197,202,399,158,51.5,9,True
binning,8,analogical,2,adaptive_percentile,filter_and,0.6,0.55,0,5,-10.95,890.55,7.35,-18.3,216,218,434,3516,50.0,0,True
binning,8,analogical,2,adaptive_percentile,filter_and,0.6,0.55,0,7,-7.92,920.81,7.35,-15.27,216,218,434,3516,50.0,0,True
binning,8,analogical,2,adaptive_percentile,filter_and,0.6,0.55,0,9,-6.2,937.96,7.35,-13.56,216,218,434,3516,50.0,0,True
binning,8,analogical,2,adaptive_percentile,filter_and,0.6,0.55,24,5,-31.88,681.23,7.35,-39.23,878,909,1787,109,50.8,1,True
binning,8,analogical,2,adaptive_percentile,filter_and,0.6,0.55,24,7,-22.65,773.54,7.35,-30.0,879,910,1789,107,50.8,1,True
binning,8,analogical,2,adaptive_percentile,filter_and,0.6,0.55,24,9,-17.72,822.85,7.35,-25.07,879,910,1789,107,50.8,1,True
binning,8,analogical,2,adaptive_percentile,filter_and,0.6,0.55,48,5,58.73,1587.27,7.35,51.37,571,605,1176,25,53.7,3,True
binning,8,analogical,2,adaptive_percentile,filter_and,0.6,0.55,48,7,64.36,1643.61,7.35,57.01,576,605,1181,20,52.9,4,True
binning,8,analogical,2,adaptive_percentile,filter_and,0.6,0.55,48,9,50.7,1506.96,7.35,43.34,580,605,1185,16,52.7,6,True
binning,8,analogical,2,adaptive_percentile,filter_and,0.6,0.55,96,5,-45.07,549.32,7.35,-52.42,331,347,678,19,48.7,3,True
binning,8,analogical,2,adaptive_percentile,filter_and,0.6,0.55,96,7,34.9,1349.03,7.35,27.55,333,353,686,11,49.9,5,True
binning,8,analogical,2,adaptive_percentile,filter_and,0.6,0.55,96,9,43.66,1436.61,7.35,36.31,336,353,689,8,50.7,6,True
binning,8,analogical,2,adaptive_percentile,filter_and,0.6,0.6,0,5,-10.22,897.81,7.35,-17.57,222,224,446,3367,50.0,0,True
binning,8,analogical,2,adaptive_percentile,filter_and,0.6,0.6,0,7,-7.38,926.19,7.35,-14.74,222,224,446,3367,50.0,0,True
binning,8,analogical,2,adaptive_percentile,filter_and,0.6,0.6,0,9,-5.78,942.24,7.35,-13.13,222,224,446,3367,50.0,0,True
binning,8,analogical,2,adaptive_percentile,filter_and,0.6,0.6,24,5,-27.08,729.22,7.35,-34.43,876,911,1787,96,51.3,1,True
binning,8,analogical,2,adaptive_percentile,filter_and,0.6,0.6,24,7,-18.79,812.11,7.35,-26.14,877,912,1789,94,51.2,1,True
binning,8,analogical,2,adaptive_percentile,filter_and,0.6,0.6,24,9,-14.54,854.6,7.35,-21.89,877,912,1789,94,51.2,1,True
binning,8,analogical,2,adaptive_percentile,filter_and,0.6,0.6,48,5,42.89,1428.93,7.35,35.54,569,604,1173,22,53.3,3,True
binning,8,analogical,2,adaptive_percentile,filter_and,0.6,0.6,48,7,45.1,1451.01,7.35,37.75,574,604,1178,17,52.5,4,True
binning,8,analogical,2,adaptive_percentile,filter_and,0.6,0.6,48,9,29.75,1297.55,7.35,22.4,577,604,1181,14,52.3,6,True
binning,8,analogical,2,adaptive_percentile,filter_and,0.6,0.6,96,5,-45.04,549.61,7.35,-52.39,332,347,679,16,48.1,3,True
binning,8,analogical,2,adaptive_percentile,filter_and,0.6,0.6,96,7,47.99,1479.85,7.35,40.63,331,350,681,14,50.0,5,True
binning,8,analogical,2,adaptive_percentile,filter_and,0.6,0.6,96,9,79.22,1792.15,7.35,71.86,333,350,683,12,50.0,6,True
binning,8,analogical,2,adaptive_percentile,filter_and,0.6,0.65,0,5,-12.31,876.9,7.35,-19.67,222,224,446,3294,48.7,0,True
binning,8,analogical,2,adaptive_percentile,filter_and,0.6,0.65,0,7,-8.92,910.77,7.35,-16.28,222,224,446,3294,48.7,0,True
binning,8,analogical,2,adaptive_percentile,filter_and,0.6,0.65,0,9,-7.0,930.04,7.35,-14.35,222,224,446,3294,48.7,0,True
binning,8,analogical,2,adaptive_percentile,filter_and,0.6,0.65,24,5,-28.14,718.61,7.35,-35.49,870,909,1779,92,51.2,1,True
binning,8,analogical,2,adaptive_percentile,filter_and,0.6,0.65,24,7,-19.63,803.73,7.35,-26.98,871,910,1781,90,51.1,1,True
binning,8,analogical,2,adaptive_percentile,filter_and,0.6,0.65,24,9,-15.22,847.76,7.35,-22.58,871,910,1781,90,51.1,1,True
binning,8,analogical,2,adaptive_percentile,filter_and,0.6,0.65,48,5,48.13,1481.34,7.35,40.78,566,602,1168,22,52.2,4,True
binning,8,analogical,2,adaptive_percentile,filter_and,0.6,0.65,48,7,40.84,1408.41,7.35,33.49,572,602,1174,16,52.2,5,True
binning,8,analogical,2,adaptive_percentile,filter_and,0.6,0.65,48,9,30.93,1309.34,7.35,23.58,574,602,1176,14,51.8,7,True
binning,8,analogical,2,adaptive_percentile,filter_and,0.6,0.65,96,5,-43.86,561.41,7.35,-51.21,332,347,679,16,48.1,3,True
binning,8,analogical,2,adaptive_percentile,filter_and,0.6,0.65,96,7,49.55,1495.5,7.35,42.19,331,350,681,14,50.0,5,True
binning,8,analogical,2,adaptive_percentile,filter_and,0.6,0.65,96,9,80.39,1803.94,7.35,73.04,333,350,683,12,50.0,6,True
binning,8,analogical,2,adaptive_percentile,filter_and,0.6,0.7,0,5,-9.99,900.11,7.35,-17.34,222,224,446,3255,49.1,0,True
binning,8,analogical,2,adaptive_percentile,filter_and,0.6,0.7,0,7,-7.2,928.01,7.35,-14.55,222,224,446,3255,49.1,0,True
binning,8,analogical,2,adaptive_percentile,filter_and,0.6,0.7,0,9,-5.63,943.73,7.35,-12.98,222,224,446,3255,49.1,0,True
binning,8,analogical,2,adaptive_percentile,filter_and,0.6,0.7,24,5,-33.17,668.28,7.35,-40.53,865,902,1767,97,51.2,1,True
binning,8,analogical,2,adaptive_percentile,filter_and,0.6,0.7,24,7,-23.81,761.87,7.35,-31.17,867,904,1771,93,51.1,1,True
binning,8,analogical,2,adaptive_percentile,filter_and,0.6,0.7,24,9,-18.63,813.72,7.35,-25.98,867,904,1771,93,51.1,1,True
binning,8,analogical,2,adaptive_percentile,filter_and,0.6,0.7,48,5,53.56,1535.62,7.35,46.21,565,600,1165,23,53.2,4,True
binning,8,analogical,2,adaptive_percentile,filter_and,0.6,0.7,48,7,48.0,1479.95,7.35,40.64,570,600,1170,18,52.0,5,True
binning,8,analogical,2,adaptive_percentile,filter_and,0.6,0.7,48,9,30.14,1301.44,7.35,22.79,573,600,1173,15,51.8,7,True
binning,8,analogical,2,adaptive_percentile,filter_and,0.6,0.7,96,5,-34.57,654.27,7.35,-41.93,332,346,678,15,48.3,3,True
binning,8,analogical,2,adaptive_percentile,filter_and,0.6,0.7,96,7,58.75,1587.52,7.35,51.4,330,349,679,14,51.0,5,True
binning,8,analogical,2,adaptive_percentile,filter_and,0.6,0.7,96,9,86.7,1867.0,7.35,79.35,332,349,681,12,51.0,6,True
binning,8,analogical,2,adaptive_percentile,filter_and,0.6,0.75,0,5,51.02,1510.24,7.35,43.67,837,910,1747,1942,54.6,0,True
binning,8,analogical,2,adaptive_percentile,filter_and,0.6,0.75,0,7,37.9,1378.96,7.35,30.54,940,1013,1953,1736,52.7,0,True
binning,8,analogical,2,adaptive_percentile,filter_and,0.6,0.75,0,9,31.98,1319.81,7.35,24.63,1033,1099,2132,1557,52.3,0,True
binning,8,analogical,2,adaptive_percentile,filter_and,0.6,0.75,24,5,-28.13,718.67,7.35,-35.49,708,756,1464,231,51.6,3,True
binning,8,analogical,2,adaptive_percentile,filter_and,0.6,0.75,24,7,-28.12,718.83,7.35,-35.47,722,756,1478,217,52.2,4,True
binning,8,analogical,2,adaptive_percentile,filter_and,0.6,0.75,24,9,-21.65,783.53,7.35,-29.0,725,755,1480,215,52.2,7,True
binning,8,analogical,2,adaptive_percentile,filter_and,0.6,0.75,48,5,13.32,1133.15,7.35,5.96,484,514,998,106,52.9,4,True
binning,8,analogical,2,adaptive_percentile,filter_and,0.6,0.75,48,7,-7.01,929.85,7.35,-14.37,488,514,1002,102,52.1,6,True
binning,8,analogical,2,adaptive_percentile,filter_and,0.6,0.75,48,9,-13.33,866.67,7.35,-20.69,492,514,1006,98,51.4,8,True
binning,8,analogical,2,adaptive_percentile,filter_and,0.6,0.75,96,5,0.42,1004.17,7.35,-6.94,288,310,598,60,51.0,4,True
binning,8,analogical,2,adaptive_percentile,filter_and,0.6,0.75,96,7,-12.84,871.65,7.35,-20.19,295,310,605,53,49.4,6,True
binning,8,analogical,2,adaptive_percentile,filter_and,0.6,0.75,96,9,29.74,1297.37,7.35,22.38,299,310,609,49,50.6,8,True
binning,8,analogical,2,adaptive_percentile,filter_and,0.6,0.8,0,5,-16.94,830.62,7.35,-24.29,403,428,831,2858,49.3,5,True
binning,8,analogical,2,adaptive_percentile,filter_and,0.6,0.8,0,7,-6.85,931.5,7.35,-14.2,410,429,839,2850,50.8,7,True
binning,8,analogical,2,adaptive_percentile,filter_and,0.6,0.8,0,9,-24.98,750.23,7.35,-32.33,414,429,843,2846,51.7,9,True
binning,8,analogical,2,adaptive_percentile,filter_and,0.6,0.8,24,5,-7.18,928.24,7.35,-14.53,320,340,660,686,50.3,5,True
binning,8,analogical,2,adaptive_percentile,filter_and,0.6,0.8,24,7,-8.82,911.8,7.35,-16.17,324,340,664,682,49.7,7,True
binning,8,analogical,2,adaptive_percentile,filter_and,0.6,0.8,24,9,31.54,1315.43,7.35,24.19,329,340,669,677,49.7,9,True
binning,8,analogical,2,adaptive_percentile,filter_and,0.6,0.8,48,5,0.61,1006.12,7.35,-6.74,262,278,540,355,50.4,5,True
binning,8,analogical,2,adaptive_percentile,filter_and,0.6,0.8,48,7,34.88,1348.82,7.35,27.53,266,278,544,351,50.7,7,True
binning,8,analogical,2,adaptive_percentile,filter_and,0.6,0.8,48,9,34.56,1345.59,7.35,27.2,272,278,550,345,50.4,9,True
binning,8,analogical,2,adaptive_percentile,filter_and,0.6,0.8,96,5,-6.33,936.73,7.35,-13.68,192,202,394,161,53.5,5,True
binning,8,analogical,2,adaptive_percentile,filter_and,0.6,0.8,96,7,38.18,1381.78,7.35,30.82,196,202,398,157,51.5,7,True
binning,8,analogical,2,adaptive_percentile,filter_and,0.6,0.8,96,9,44.95,1449.45,7.35,37.59,198,202,400,155,51.5,9,True
binning,8,analogical,2,adaptive_percentile,filter_and,0.65,0.55,0,5,-9.65,903.52,7.35,-17.0,154,155,309,3579,47.7,0,True
binning,8,analogical,2,adaptive_percentile,filter_and,0.65,0.55,0,7,-6.98,930.24,7.35,-14.33,154,155,309,3579,47.7,0,True
binning,8,analogical,2,adaptive_percentile,filter_and,0.65,0.55,0,9,-5.46,945.38,7.35,-12.82,154,155,309,3579,47.7,0,True
binning,8,analogical,2,adaptive_percentile,filter_and,0.65,0.55,24,5,-22.68,773.15,7.35,-30.04,864,883,1747,134,51.0,1,True
binning,8,analogical,2,adaptive_percentile,filter_and,0.65,0.55,24,7,-16.16,838.37,7.35,-23.52,864,883,1747,134,51.0,1,True
binning,8,analogical,2,adaptive_percentile,filter_and,0.65,0.55,24,9,-12.52,874.77,7.35,-19.88,864,883,1747,134,51.0,1,True
binning,8,analogical,2,adaptive_percentile,filter_and,0.65,0.55,48,5,58.91,1589.13,7.35,51.56,569,603,1172,25,53.6,3,True
binning,8,analogical,2,adaptive_percentile,filter_and,0.65,0.55,48,7,50.34,1503.39,7.35,42.98,574,603,1177,20,53.1,5,True
binning,8,analogical,2,adaptive_percentile,filter_and,0.65,0.55,48,9,40.33,1403.28,7.35,32.97,576,603,1179,18,52.6,5,True
binning,8,analogical,2,adaptive_percentile,filter_and,0.65,0.55,96,5,-56.86,431.42,7.35,-64.21,336,345,681,15,47.0,1,True
binning,8,analogical,2,adaptive_percentile,filter_and,0.65,0.55,96,7,34.35,1343.47,7.35,26.99,334,353,687,9,51.0,5,True
binning,8,analogical,2,adaptive_percentile,filter_and,0.65,0.55,96,9,27.7,1276.96,7.35,20.34,336,353,689,7,51.0,6,True
binning,8,analogical,2,adaptive_percentile,filter_and,0.65,0.6,0,5,-9.71,902.9,7.35,-17.06,158,159,317,3432,47.8,0,True
binning,8,analogical,2,adaptive_percentile,filter_and,0.65,0.6,0,7,-7.02,929.81,7.35,-14.37,158,159,317,3432,47.8,0,True
binning,8,analogical,2,adaptive_percentile,filter_and,0.65,0.6,0,9,-5.5,945.04,7.35,-12.85,158,159,317,3432,47.8,0,True
binning,8,analogical,2,adaptive_percentile,filter_and,0.65,0.6,24,5,-14.5,855.02,7.35,-21.85,862,886,1748,120,51.0,1,True
binning,8,analogical,2,adaptive_percentile,filter_and,0.65,0.6,24,7,-9.88,901.24,7.35,-17.23,862,886,1748,120,51.0,1,True
binning,8,analogical,2,adaptive_percentile,filter_and,0.65,0.6,24,9,-7.45,925.54,7.35,-14.8,862,886,1748,120,51.0,1,True
binning,8,analogical,2,adaptive_percentile,filter_and,0.65,0.6,48,5,34.7,1347.04,7.35,27.35,565,600,1165,25,53.2,2,True
binning,8,analogical,2,adaptive_percentile,filter_and,0.65,0.6,48,7,47.78,1477.83,7.35,40.43,570,601,1171,19,52.9,5,True
binning,8,analogical,2,adaptive_percentile,filter_and,0.65,0.6,48,9,37.35,1373.54,7.35,30.0,572,601,1173,17,52.4,5,True
binning,8,analogical,2,adaptive_percentile,filter_and,0.65,0.6,96,5,-59.23,407.65,7.35,-66.59,336,345,681,13,45.8,1,True
binning,8,analogical,2,adaptive_percentile,filter_and,0.65,0.6,96,7,48.7,1487.01,7.35,41.35,331,350,681,13,50.6,5,True
binning,8,analogical,2,adaptive_percentile,filter_and,0.65,0.6,96,9,67.32,1673.17,7.35,59.96,333,350,683,11,51.1,6,True
