te_estimator,window_size,field_def,cmi_regimes,threshold_mode,sink_mode,thr_bot,thr_top,cooldown,max_posiciones,pnl_pct,portfolio_final,bh_pnl,alpha_bh,n_compras,n_ventas,n_trades,n_ignorados,win_rate,pos_finales,elapsed_s,valid
binning,15,jacobian,2,fixed,score_component,0.55,0.55,0,5,203.18,3031.84,7.35,195.83,152,169,321,188,55.0,0,61.49,True
kde,15,jacobian,2,fixed,score_component,0.55,0.55,0,5,203.18,3031.84,7.35,195.83,152,169,321,188,55.0,0,167.97,True
binning,15,jacobian,3,fixed,score_component,0.55,0.55,0,5,185.61,2856.15,7.35,178.26,151,169,320,180,49.7,0,61.9,True
kde,15,jacobian,3,fixed,score_component,0.55,0.55,0,5,185.61,2856.15,7.35,178.26,151,169,320,180,49.7,0,169.61,True
binning,15,jacobian,3,fixed,filter_and,0.55,0.55,0,5,101.22,2012.24,7.35,93.87,19,17,36,7,88.2,5,61.92,True
kde,15,jacobian,3,fixed,filter_and,0.55,0.55,0,5,101.22,2012.24,7.35,93.87,19,17,36,7,88.2,5,169.0,True
binning,30,jacobian,3,fixed,filter_and,0.55,0.55,0,5,89.21,1892.06,7.35,81.85,192,205,397,574,48.3,5,90.16,True
kde,30,jacobian,3,fixed,filter_and,0.55,0.55,0,5,89.21,1892.06,7.35,81.85,192,205,397,574,48.3,5,191.84,True
binning,30,jacobian,2,fixed,filter_and,0.55,0.55,0,5,65.67,1656.65,7.35,58.31,144,153,297,447,48.4,5,88.8,True
kde,30,jacobian,2,fixed,filter_and,0.55,0.55,0,5,65.67,1656.65,7.35,58.31,144,153,297,447,48.4,5,191.23,True
binning,20,jacobian,2,fixed,filter_and,0.55,0.55,0,5,62.02,1620.21,7.35,54.67,176,186,362,374,48.9,4,70.84,True
kde,20,jacobian,2,fixed,filter_and,0.55,0.55,0,5,62.02,1620.21,7.35,54.67,176,186,362,374,48.9,4,177.3,True
binning,30,analogical,3,fixed,filter_and,0.55,0.55,0,5,47.66,1476.59,7.35,40.3,14,15,29,24,80.0,0,90.53,True
kde,30,analogical,3,fixed,filter_and,0.55,0.55,0,5,47.66,1476.59,7.35,40.3,14,15,29,24,80.0,0,192.47,True
binning,15,jacobian,2,fixed,filter_and,0.55,0.55,0,5,19.26,1192.63,7.35,11.91,15,12,27,15,66.7,5,61.04,True
kde,15,jacobian,2,fixed,filter_and,0.55,0.55,0,5,19.26,1192.63,7.35,11.91,15,12,27,15,66.7,5,167.48,True
binning,20,analogical,3,fixed,score_component,0.55,0.55,0,5,18.67,1186.66,7.35,11.31,206,220,426,927,55.9,0,72.11,True
kde,20,analogical,3,fixed,score_component,0.55,0.55,0,5,18.67,1186.66,7.35,11.31,206,220,426,927,55.9,0,179.16,True
binning,20,jacobian,3,fixed,filter_and,0.55,0.55,0,5,13.65,1136.52,7.35,6.3,224,239,463,366,47.3,5,71.52,True
kde,20,jacobian,3,fixed,filter_and,0.55,0.55,0,5,13.65,1136.52,7.35,6.3,224,239,463,366,47.3,5,178.56,True
binning,20,analogical,3,adaptive_percentile,filter_and,0.55,0.55,0,5,5.51,1055.11,7.35,-1.84,576,608,1184,1386,57.4,2,77.33,True
kde,20,analogical,3,adaptive_percentile,filter_and,0.55,0.55,0,5,5.51,1055.11,7.35,-1.84,576,608,1184,1386,57.4,2,182.79,True
binning,15,jacobian,2,adaptive_percentile,filter_and,0.55,0.55,0,5,3.37,1033.74,7.35,-3.98,507,559,1066,2354,55.6,4,65.34,True
kde,15,jacobian,2,adaptive_percentile,filter_and,0.55,0.55,0,5,3.37,1033.74,7.35,-3.98,507,559,1066,2354,55.6,4,176.2,True
binning,20,analogical,2,fixed,score_component,0.55,0.55,0,5,3.26,1032.57,7.35,-4.1,111,119,230,555,51.3,1,71.49,True
kde,20,analogical,2,fixed,score_component,0.55,0.55,0,5,3.26,1032.57,7.35,-4.1,111,119,230,555,51.3,1,178.44,True
binning,15,jacobian,3,adaptive_percentile,filter_and,0.55,0.55,0,5,-0.72,992.81,7.35,-8.07,507,557,1064,2482,55.8,4,66.94,True
kde,15,jacobian,3,adaptive_percentile,filter_and,0.55,0.55,0,5,-0.72,992.81,7.35,-8.07,507,557,1064,2482,55.8,4,176.06,True
binning,20,jacobian,3,adaptive_percentile,filter_and,0.55,0.55,0,5,-0.85,991.52,7.35,-8.2,360,395,755,1334,55.9,1,77.04,True
kde,20,jacobian,3,adaptive_percentile,filter_and,0.55,0.55,0,5,-0.85,991.52,7.35,-8.2,360,395,755,1334,55.9,1,182.77,True
binning,30,jacobian,3,adaptive_percentile,filter_and,0.55,0.55,0,5,-2.34,976.61,7.35,-9.69,278,305,583,1639,52.1,0,95.04,True
kde,30,jacobian,3,adaptive_percentile,filter_and,0.55,0.55,0,5,-2.34,976.61,7.35,-9.69,278,305,583,1639,52.1,0,198.3,True
binning,15,analogical,3,adaptive_percentile,filter_and,0.55,0.55,0,5,-5.6,944.03,7.35,-12.95,613,632,1245,2595,60.3,0,66.25,True
kde,15,analogical,3,adaptive_percentile,filter_and,0.55,0.55,0,5,-5.6,944.03,7.35,-12.95,613,632,1245,2595,60.3,0,176.3,True
binning,20,analogical,2,fixed,filter_and,0.55,0.55,0,5,-5.68,943.23,7.35,-13.03,15,17,32,30,52.9,0,70.4,True
kde,20,analogical,2,fixed,filter_and,0.55,0.55,0,5,-5.68,943.23,7.35,-13.03,15,17,32,30,52.9,0,177.46,True
binning,15,analogical,2,adaptive_percentile,filter_and,0.55,0.55,0,5,-9.55,904.45,7.35,-16.91,620,639,1259,2483,60.3,0,65.54,True
kde,15,analogical,2,adaptive_percentile,filter_and,0.55,0.55,0,5,-9.55,904.45,7.35,-16.91,620,639,1259,2483,60.3,0,175.35,True
binning,30,analogical,2,fixed,score_component,0.55,0.55,0,5,-12.23,877.74,7.35,-19.58,47,50,97,185,54.0,0,89.63,True
kde,30,analogical,2,fixed,score_component,0.55,0.55,0,5,-12.23,877.74,7.35,-19.58,47,50,97,185,54.0,0,191.1,True
binning,20,analogical,3,fixed,filter_and,0.55,0.55,0,5,-13.09,869.11,7.35,-20.44,23,23,46,52,39.1,1,71.89,True
kde,20,analogical,3,fixed,filter_and,0.55,0.55,0,5,-13.09,869.11,7.35,-20.44,23,23,46,52,39.1,1,179.19,True
binning,20,jacobian,2,adaptive_percentile,filter_and,0.55,0.55,0,5,-15.25,847.46,7.35,-22.61,356,387,743,1599,49.4,0,76.59,True
kde,20,jacobian,2,adaptive_percentile,filter_and,0.55,0.55,0,5,-15.25,847.46,7.35,-22.61,356,387,743,1599,49.4,0,183.93,True
binning,10,analogical,2,adaptive_percentile,filter_and,0.55,0.55,0,5,-15.34,846.64,7.35,-22.69,344,346,690,4980,51.7,0,64.46,True
binning,10,analogical,3,adaptive_percentile,filter_and,0.55,0.55,0,5,-15.34,846.64,7.35,-22.69,344,346,690,4980,51.7,0,60.87,True
kde,10,analogical,2,adaptive_percentile,filter_and,0.55,0.55,0,5,-15.34,846.64,7.35,-22.69,344,346,690,4980,51.7,0,170.83,True
kde,10,analogical,3,adaptive_percentile,filter_and,0.55,0.55,0,5,-15.34,846.64,7.35,-22.69,344,346,690,4980,51.7,0,169.58,True
binning,30,analogical,3,fixed,score_component,0.55,0.55,0,5,-15.92,840.75,7.35,-23.28,99,102,201,644,48.0,0,91.98,True
kde,30,analogical,3,fixed,score_component,0.55,0.55,0,5,-15.92,840.75,7.35,-23.28,99,102,201,644,48.0,0,192.3,True
binning,30,jacobian,2,adaptive_percentile,filter_and,0.55,0.55,0,5,-16.76,832.43,7.35,-24.11,287,312,599,1803,45.2,1,93.53,True
kde,30,jacobian,2,adaptive_percentile,filter_and,0.55,0.55,0,5,-16.76,832.43,7.35,-24.11,287,312,599,1803,45.2,1,196.41,True
binning,30,analogical,3,adaptive_percentile,filter_and,0.55,0.55,0,5,-20.28,797.21,7.35,-27.63,492,513,1005,1742,55.8,0,96.28,True
kde,30,analogical,3,adaptive_percentile,filter_and,0.55,0.55,0,5,-20.28,797.21,7.35,-27.63,492,513,1005,1742,55.8,0,198.1,True
binning,20,analogical,2,adaptive_percentile,filter_and,0.55,0.55,0,5,-20.95,790.46,7.35,-28.31,575,601,1176,1647,54.7,0,76.19,True
kde,20,analogical,2,adaptive_percentile,filter_and,0.55,0.55,0,5,-20.95,790.46,7.35,-28.31,575,601,1176,1647,54.7,0,182.02,True
binning,20,jacobian,3,adaptive_percentile,score_component,0.55,0.55,0,5,-22.73,772.72,7.35,-30.08,1022,1136,2158,6333,54.6,0,77.25,True
kde,20,jacobian,3,adaptive_percentile,score_component,0.55,0.55,0,5,-22.73,772.72,7.35,-30.08,1022,1136,2158,6333,54.6,0,190.68,True
binning,30,analogical,2,adaptive_percentile,filter_and,0.55,0.55,0,5,-23.2,768.0,7.35,-30.55,494,515,1009,1912,52.6,0,94.07,True
kde,30,analogical,2,adaptive_percentile,filter_and,0.55,0.55,0,5,-23.2,768.0,7.35,-30.55,494,515,1009,1912,52.6,0,196.01,True
binning,20,jacobian,2,adaptive_percentile,score_component,0.55,0.55,0,5,-28.62,713.84,7.35,-35.97,1006,1134,2140,6377,55.3,0,77.01,True
kde,20,jacobian,2,adaptive_percentile,score_component,0.55,0.55,0,5,-28.62,713.84,7.35,-35.97,1006,1134,2140,6377,55.3,0,183.13,True
binning,10,jacobian,2,adaptive_percentile,filter_and,0.55,0.55,0,5,-30.56,694.4,7.35,-37.91,476,517,993,4572,46.4,0,61.69,True
binning,10,jacobian,3,adaptive_percentile,filter_and,0.55,0.55,0,5,-30.56,694.4,7.35,-37.91,476,517,993,4572,46.4,0,59.53,True
kde,10,jacobian,2,adaptive_percentile,filter_and,0.55,0.55,0,5,-30.56,694.4,7.35,-37.91,476,517,993,4572,46.4,0,171.01,True
kde,10,jacobian,3,adaptive_percentile,filter_and,0.55,0.55,0,5,-30.56,694.4,7.35,-37.91,476,517,993,4572,46.4,0,169.87,True
binning,15,jacobian,3,adaptive_percentile,score_component,0.55,0.55,0,5,-31.87,681.27,7.35,-39.23,1314,1464,2778,9343,57.7,0,68.5,True
kde,15,jacobian,3,adaptive_percentile,score_component,0.55,0.55,0,5,-31.87,681.27,7.35,-39.23,1314,1464,2778,9343,57.7,0,178.95,True
binning,20,jacobian,2,fixed,score_component,0.55,0.55,0,5,-33.14,668.56,7.35,-40.5,921,1000,1921,2015,52.3,5,71.32,True
kde,20,jacobian,2,fixed,score_component,0.55,0.55,0,5,-33.14,668.56,7.35,-40.5,921,1000,1921,2015,52.3,5,178.04,True
binning,15,jacobian,2,adaptive_percentile,score_component,0.55,0.55,0,5,-37.41,625.86,7.35,-44.77,1302,1449,2751,9027,55.8,0,67.59,True
kde,15,jacobian,2,adaptive_percentile,score_component,0.55,0.55,0,5,-37.41,625.86,7.35,-44.77,1302,1449,2751,9027,55.8,0,176.61,True
binning,30,jacobian,2,adaptive_percentile,score_component,0.55,0.55,0,5,-37.44,625.6,7.35,-44.8,883,990,1873,6467,53.7,0,95.68,True
kde,30,jacobian,2,adaptive_percentile,score_component,0.55,0.55,0,5,-37.44,625.6,7.35,-44.8,883,990,1873,6467,53.7,0,197.65,True
binning,30,analogical,2,adaptive_percentile,score_component,0.55,0.55,0,5,-38.56,614.37,7.35,-45.92,1525,1591,3116,6801,58.1,0,95.29,True
kde,30,analogical,2,adaptive_percentile,score_component,0.55,0.55,0,5,-38.56,614.37,7.35,-45.92,1525,1591,3116,6801,58.1,0,198.36,True
binning,30,jacobian,2,fixed,score_component,0.55,0.55,0,5,-40.96,590.39,7.35,-48.32,541,586,1127,2262,47.1,5,89.8,True
kde,30,jacobian,2,fixed,score_component,0.55,0.55,0,5,-40.96,590.39,7.35,-48.32,541,586,1127,2262,47.1,5,192.91,True
binning,20,jacobian,3,fixed,score_component,0.55,0.55,0,5,-40.96,590.36,7.35,-48.32,1143,1244,2387,2350,54.2,5,72.49,True
kde,20,jacobian,3,fixed,score_component,0.55,0.55,0,5,-40.96,590.36,7.35,-48.32,1143,1244,2387,2350,54.2,5,179.0,True
binning,10,jacobian,2,adaptive_percentile,score_component,0.55,0.55,0,5,-43.1,569.02,7.35,-50.45,1391,1530,2921,21830,53.2,0,62.79,True
binning,10,jacobian,3,adaptive_percentile,score_component,0.55,0.55,0,5,-43.1,569.02,7.35,-50.45,1391,1530,2921,21830,53.2,0,62.11,True
kde,10,jacobian,2,adaptive_percentile,score_component,0.55,0.55,0,5,-43.1,569.02,7.35,-50.45,1391,1530,2921,21830,53.2,0,173.8,True
kde,10,jacobian,3,adaptive_percentile,score_component,0.55,0.55,0,5,-43.1,569.02,7.35,-50.45,1391,1530,2921,21830,53.2,0,173.63,True
binning,30,analogical,3,adaptive_percentile,score_component,0.55,0.55,0,5,-44.53,554.73,7.35,-51.88,1526,1612,3138,6784,55.5,0,97.04,True
kde,30,analogical,3,adaptive_percentile,score_component,0.55,0.55,0,5,-44.53,554.73,7.35,-51.88,1526,1612,3138,6784,55.5,0,198.97,True
binning,30,jacobian,3,fixed,score_component,0.55,0.55,0,5,-46.98,530.2,7.35,-54.33,806,883,1689,2874,50.4,4,91.33,True
kde,30,jacobian,3,fixed,score_component,0.55,0.55,0,5,-46.98,530.2,7.35,-54.33,806,883,1689,2874,50.4,4,193.7,True
binning,10,analogical,2,adaptive_percentile,score_component,0.55,0.55,0,5,-49.5,505.0,7.35,-56.85,1789,1812,3601,22412,54.4,0,66.69,True
binning,10,analogical,3,adaptive_percentile,score_component,0.55,0.55,0,5,-49.5,505.0,7.35,-56.85,1789,1812,3601,22412,54.4,0,63.69,True
kde,10,analogical,2,adaptive_percentile,score_component,0.55,0.55,0,5,-49.5,505.0,7.35,-56.85,1789,1812,3601,22412,54.4,0,174.83,True
kde,10,analogical,3,adaptive_percentile,score_component,0.55,0.55,0,5,-49.5,505.0,7.35,-56.85,1789,1812,3601,22412,54.4,0,172.13,True
binning,30,jacobian,3,adaptive_percentile,score_component,0.55,0.55,0,5,-51.01,489.86,7.35,-58.37,862,961,1823,6532,51.3,0,95.13,True
kde,30,jacobian,3,adaptive_percentile,score_component,0.55,0.55,0,5,-51.01,489.86,7.35,-58.37,862,961,1823,6532,51.3,0,199.9,True
binning,20,analogical,2,adaptive_percentile,score_component,0.55,0.55,0,5,-51.18,488.23,7.35,-58.53,1685,1753,3438,6608,56.2,0,76.9,True
kde,20,analogical,2,adaptive_percentile,score_component,0.55,0.55,0,5,-51.18,488.23,7.35,-58.53,1685,1753,3438,6608,56.2,0,183.96,True
binning,20,analogical,3,adaptive_percentile,score_component,0.55,0.55,0,5,-56.56,434.37,7.35,-63.92,1714,1788,3502,6548,56.9,1,77.56,True
kde,20,analogical,3,adaptive_percentile,score_component,0.55,0.55,0,5,-56.56,434.37,7.35,-63.92,1714,1788,3502,6548,56.9,1,185.04,True
binning,15,analogical,2,adaptive_percentile,score_component,0.55,0.55,0,5,-56.93,430.72,7.35,-64.28,1937,2009,3946,9310,58.4,0,67.88,True
kde,15,analogical,2,adaptive_percentile,score_component,0.55,0.55,0,5,-56.93,430.72,7.35,-64.28,1937,2009,3946,9310,58.4,0,177.37,True
binning,15,analogical,3,adaptive_percentile,score_component,0.55,0.55,0,5,-57.71,422.85,7.35,-65.07,1930,1998,3928,9634,58.1,0,68.32,True
kde,15,analogical,3,adaptive_percentile,score_component,0.55,0.55,0,5,-57.71,422.85,7.35,-65.07,1930,1998,3928,9634,58.1,0,178.42,True
binning,15,analogical,3,fixed,score_component,0.55,0.55,0,5,3.35,1033.48,7.35,-4.01,1,1,2,2,100.0,0,62.31,False
kde,15,analogical,3,fixed,score_component,0.55,0.55,0,5,3.35,1033.48,7.35,-4.01,1,1,2,2,100.0,0,168.65,False
binning,30,analogical,2,fixed,filter_and,0.55,0.55,0,5,0.06,1000.6,7.35,-7.29,2,2,4,7,50.0,0,91.51,False
kde,30,analogical,2,fixed,filter_and,0.55,0.55,0,5,0.06,1000.6,7.35,-7.29,2,2,4,7,50.0,0,189.71,False
binning,10,analogical,2,fixed,score_component,0.55,0.55,0,5,0.0,1000.0,7.35,-7.35,0,0,0,0,0.0,0,59.42,False
binning,10,analogical,2,fixed,filter_and,0.55,0.55,0,5,0.0,1000.0,7.35,-7.35,0,0,0,0,0.0,0,56.45,False
binning,10,analogical,3,fixed,score_component,0.55,0.55,0,5,0.0,1000.0,7.35,-7.35,0,0,0,0,0.0,0,55.83,False
binning,10,analogical,3,fixed,filter_and,0.55,0.55,0,5,0.0,1000.0,7.35,-7.35,0,0,0,0,0.0,0,55.63,False
binning,10,jacobian,2,fixed,score_component,0.55,0.55,0,5,0.0,1000.0,7.35,-7.35,0,0,0,0,0.0,0,56.36,False
binning,10,jacobian,2,fixed,filter_and,0.55,0.55,0,5,0.0,1000.0,7.35,-7.35,0,0,0,0,0.0,0,56.12,False
binning,10,jacobian,3,fixed,score_component,0.55,0.55,0,5,0.0,1000.0,7.35,-7.35,0,0,0,0,0.0,0,56.63,False
binning,10,jacobian,3,fixed,filter_and,0.55,0.55,0,5,0.0,1000.0,7.35,-7.35,0,0,0,0,0.0,0,55.65,False
binning,15,analogical,2,fixed,filter_and,0.55,0.55,0,5,0.0,1000.0,7.35,-7.35,0,0,0,0,0.0,0,60.41,False
binning,15,analogical,3,fixed,filter_and,0.55,0.55,0,5,0.0,1000.0,7.35,-7.35,0,0,0,1,0.0,0,61.54,False
kde,10,analogical,2,fixed,score_component,0.55,0.55,0,5,0.0,1000.0,7.35,-7.35,0,0,0,0,0.0,0,164.09,False
kde,10,analogical,2,fixed,filter_and,0.55,0.55,0,5,0.0,1000.0,7.35,-7.35,0,0,0,0,0.0,0,162.97,False
kde,10,analogical,3,fixed,score_component,0.55,0.55,0,5,0.0,1000.0,7.35,-7.35,0,0,0,0,0.0,0,161.92,False
kde,10,analogical,3,fixed,filter_and,0.55,0.55,0,5,0.0,1000.0,7.35,-7.35,0,0,0,0,0.0,0,161.29,False
kde,10,jacobian,2,fixed,score_component,0.55,0.55,0,5,0.0,1000.0,7.35,-7.35,0,0,0,0,0.0,0,163.48,False
kde,10,jacobian,2,fixed,filter_and,0.55,0.55,0,5,0.0,1000.0,7.35,-7.35,0,0,0,0,0.0,0,163.64,False
kde,10,jacobian,3,fixed,score_component,0.55,0.55,0,5,0.0,1000.0,7.35,-7.35,0,0,0,0,0.0,0,163.35,False
kde,10,jacobian,3,fixed,filter_and,0.55,0.55,0,5,0.0,1000.0,7.35,-7.35,0,0,0,0,0.0,0,161.64,False
kde,15,analogical,2,fixed,filter_and,0.55,0.55,0,5,0.0,1000.0,7.35,-7.35,0,0,0,0,0.0,0,167.65,False
kde,15,analogical,3,fixed,filter_and,0.55,0.55,0,5,0.0,1000.0,7.35,-7.35,0,0,0,1,0.0,0,167.89,False
binning,15,analogical,2,fixed,score_component,0.55,0.55,0,5,-4.07,959.3,7.35,-11.42,5,1,6,5,100.0,5,62.12,False
kde,15,analogical,2,fixed,score_component,0.55,0.55,0,5,-4.07,959.3,7.35,-11.42,5,1,6,5,100.0,5,167.56,False
