tp_id,method,params,type,datetime,ts,tp_price,move_from_prev_pct,candles_from_prev,prev_ts,prev_price,duration_candles,move_pct,max_adverse_excursion_pct,vol_mean,vol_slope,vol_first_vs_second_half,vol_last5_vs_avg,vol_acceleration,taker_ratio_mean,taker_ratio_slope,taker_last5_vs_avg,taker_acceleration,rsi_at_end,rsi_min_during,rsi_max_during,rsi_range,rsi_slope_last5,price_vs_ma20_pct,price_vs_ma50_pct,ma20_slope_last5,below_both_mas,above_both_mas,body_ratio_mean,lower_wick_ratio_mean,upper_wick_ratio_mean,pct_bearish_candles,pct_bullish_candles,consec_same_dir_end,price_slope,volatility_pct,price_acceleration,vol_price_divergence
19874,zigzag,"{""min_move_pct"": 5.0}",BOTTOM,2021-11-10T21:00:00Z,1636578000,62822.9,6.7615,21,1636502400,67378.7,8,8.9523,9.8326,4765.71,0.191291,0.4758,1.1625,0.828644,0.4902,-0.04148,0.9191,0.029671,28.98,28.98,68.63,39.64,-0.207516,-4.0067,-4.3846,-0.000663,1,0,0.4489,0.2548,0.2962,62.5,37.5,4,-0.008477,0.9482,-0.018648,0.199768
19877,zigzag,"{""min_move_pct"": 5.0}",TOP,2021-11-15T09:00:00Z,1636966800,66401.82,6.6216,65,1636732800,62278.0,66,6.6216,6.6216,1167.29,-0.000697,1.0148,0.9786,0.042894,0.4906,0.00066,1.0315,0.001935,68.05,30.9,70.71,39.81,0.008351,1.4478,2.0914,0.00093,0,1,0.3819,0.2869,0.3312,46.97,53.03,2,0.000436,0.4491,0.000293,-0.001133
19878,zigzag,"{""min_move_pct"": 5.0}",BOTTOM,2021-11-19T03:00:00Z,1637290800,55600.0,16.2674,90,1636966800,66401.82,91,16.2674,19.4277,2443.21,0.000119,1.1266,1.131,0.013001,0.4848,-2.2e-05,0.9956,0.000625,28.7,16.5,68.05,51.54,-0.039708,-3.5544,-5.5185,-0.002791,1,0,0.4191,0.3103,0.2706,61.54,38.46,3,-0.001218,0.7108,0.00112,0.001336
19879,zigzag,"{""min_move_pct"": 5.0}",TOP,2021-11-21T17:00:00Z,1637514000,60029.76,7.9672,62,1637290800,55600.0,63,7.9672,7.9672,1605.11,-0.008496,1.1984,1.0858,0.033901,0.4748,1.7e-05,0.9838,-0.000824,57.47,28.7,68.01,39.31,0.04956,0.6219,1.3358,-5.3e-05,0,1,0.4134,0.2906,0.296,50.79,49.21,1,0.000745,0.5895,-0.001094,-0.009241
19880,zigzag,"{""min_move_pct"": 5.0}",BOTTOM,2021-11-23T09:00:00Z,1637658000,55317.0,7.8507,40,1637514000,60029.76,41,7.8507,8.5196,2029.43,0.012492,0.6799,1.3898,-0.016806,0.4838,0.002506,1.0992,0.006695,45.83,28.05,59.24,31.19,0.017469,-0.2283,-1.913,-0.001105,1,0,0.4426,0.2822,0.2752,68.29,31.71,2,-0.001268,0.7388,0.00116,0.01376
19881,zigzag,"{""min_move_pct"": 5.0}",TOP,2021-11-25T23:00:00Z,1637881200,59398.9,7.3791,62,1637658000,55317.0,63,7.3791,7.3791,1816.07,-0.00605,1.1657,0.6244,0.017346,0.492,-0.000213,0.9671,-0.000706,65.39,38.56,71.4,32.84,0.002506,1.0327,2.5602,0.000928,0,1,0.4039,0.253,0.3431,46.03,53.97,2,0.000591,0.5696,0.001772,-0.006642
19882,zigzag,"{""min_move_pct"": 5.0}",BOTTOM,2021-11-28T18:00:00Z,1638122400,53256.64,10.3407,67,1637881200,59398.9,68,10.3407,11.5333,1771.18,-0.018208,1.9625,0.8444,0.028228,0.486,0.000422,0.9737,0.000773,43.29,13.4,65.39,51.98,-0.031564,-0.4383,-0.6016,-0.000456,1,0,0.4041,0.3017,0.2942,57.35,42.65,1,-0.00068,0.6192,0.002054,-0.017528
19883,zigzag,"{""min_move_pct"": 5.0}",TOP,2021-11-29T18:00:00Z,1638208800,58865.97,10.5326,24,1638122400,53256.64,25,10.5326,10.5326,1932.58,-0.015496,1.3618,1.1153,0.13992,0.5032,-0.005184,0.9623,0.006739,72.69,43.29,78.1,34.81,0.063634,2.1381,5.2518,0.00218,0,1,0.4766,0.1871,0.3364,32.0,68.0,4,0.00174,0.8455,-0.003972,-0.017236
19884,zigzag,"{""min_move_pct"": 5.0}",BOTTOM,2021-11-30T06:00:00Z,1638252000,55875.55,5.08,12,1638208800,58865.97,13,5.08,5.3519,1543.51,-0.000269,0.9516,0.951,0.107702,0.4823,-0.006369,0.9666,-0.001182,42.75,39.3,72.69,33.38,-0.056679,-1.6276,0.2313,-0.000348,0,0,0.4663,0.2796,0.2541,53.85,46.15,1,-0.002794,0.6303,-0.001761,0.002525
19885,zigzag,"{""min_move_pct"": 5.0}",TOP,2021-11-30T15:00:00Z,1638284400,59176.99,5.9086,9,1638252000,55875.55,10,5.9086,5.9086,2489.32,0.119187,0.5307,1.3066,0.285369,0.4851,0.0165,1.0412,-0.010575,49.36,42.5,64.69,22.19,-0.016102,-0.287,0.5332,-0.000192,0,0,0.354,0.347,0.299,30.0,70.0,1,0.003285,0.8195,-0.002785,0.115902
19886,zigzag,"{""min_move_pct"": 5.0}",BOTTOM,2021-12-04T05:00:00Z,1638594000,42000.3,29.026,86,1638284400,59176.99,87,29.026,40.8966,2409.39,0.01422,0.6673,3.7515,0.061689,0.4823,-0.00041,0.9417,-0.001949,8.46,8.46,64.17,55.71,-0.211419,-12.0775,-14.5192,-0.005405,1,0,0.4285,0.3128,0.2586,56.32,43.68,3,-0.00084,0.9397,-0.001971,0.01506
19887,zigzag,"{""min_move_pct"": 5.0}",TOP,2021-12-05T12:00:00Z,1638705600,49699.05,18.3302,31,1638594000,42000.3,32,18.3302,18.3302,3770.17,-0.083959,3.4864,0.4197,0.142539,0.4894,0.003534,1.0003,-0.009592,49.12,8.13,49.39,41.26,0.005819,0.543,-2.3572,0.00139,0,0,0.3733,0.3633,0.2634,40.62,59.38,3,0.001696,0.7156,-0.002064,-0.085655
19888,zigzag,"{""min_move_pct"": 5.0}",BOTTOM,2021-12-06T09:00:00Z,1638781200,47100.0,5.2296,21,1638705600,49699.05,22,5.2296,5.5182,2196.53,0.003433,1.0051,1.3075,0.182456,0.4732,0.000666,0.9796,-0.005763,32.88,32.88,52.63,19.75,-0.05487,-2.6563,-2.5399,-0.001232,1,0,0.4165,0.3242,0.2593,54.55,45.45,2,-0.000819,0.8387,-0.002967,0.004252
19889,zigzag,"{""min_move_pct"": 5.0}",TOP,2021-12-07T15:00:00Z,1638889200,51936.33,10.2682,30,1638781200,47100.0,31,10.2682,10.2682,2145.05,-0.027429,1.621,0.9593,0.07583,0.4854,0.000329,1.0212,-0.00253,67.83,32.88,69.6,36.72,0.004031,1.7388,4.3955,0.002129,0,1,0.4111,0.2561,0.3327,41.94,58.06,3,0.002647,0.7887,-0.00287,-0.030076
19890,zigzag,"{""min_move_pct"": 5.0}",BOTTOM,2021-12-08T12:00:00Z,1638964800,48600.0,6.4239,21,1638889200,51936.33,22,6.4239,6.8649,1546.5,0.008612,1.0178,1.4842,0.221502,0.4784,-0.004745,0.9225,-0.011307,33.55,32.43,67.83,35.39,-0.105843,-2.1147,-2.0411,-0.001998,1,0,0.4136,0.2681,0.3182,63.64,36.36,1,-0.001603,0.5336,-0.000196,0.010215
19891,zigzag,"{""min_move_pct"": 5.0}",TOP,2021-12-08T15:00:00Z,1638975600,51200.0,5.3498,3,1638964800,48600.0,4,5.3498,5.3498,2969.53,0.128576,0.5297,1.0,,0.4714,0.046445,1.0,,55.15,31.53,56.32,24.79,0.202991,0.908,0.5418,-0.000732,0,1,0.3668,0.3275,0.3057,50.0,50.0,1,0.011789,1.7552,0.002113,0.116787
19892,zigzag,"{""min_move_pct"": 5.0}",BOTTOM,2021-12-09T20:00:00Z,1639080000,47320.0,7.5781,29,1638975600,51200.0,30,7.5781,8.1995,1518.29,0.018554,0.6803,1.2659,0.078246,0.4749,0.00204,1.0329,0.000171,27.62,26.12,55.29,29.17,-0.05703,-2.8351,-4.2544,-0.002661,1,0,0.3963,0.3303,0.2734,70.0,30.0,1,-0.002018,0.5368,-0.002077,0.020572
19893,zigzag,"{""min_move_pct"": 5.0}",TOP,2021-12-10T13:00:00Z,1639141200,50125.0,5.9277,17,1639080000,47320.0,18,5.9277,5.9277,1615.52,0.023784,0.8384,1.2409,0.187038,0.4811,0.000702,1.024,0.031292,63.22,27.62,63.22,35.6,0.078323,2.9398,0.9979,0.000482,0,1,0.4465,0.2349,0.3186,38.89,61.11,3,0.001322,0.6379,0.002114,0.022462
19894,zigzag,"{""min_move_pct"": 5.0}",BOTTOM,2021-12-11T00:00:00Z,1639180800,46751.0,6.7312,11,1639141200,50125.0,12,6.7312,7.217,2409.19,-0.05808,1.658,0.7984,0.418916,0.4717,-0.004134,0.9929,0.024901,45.72,38.51,63.22,24.7,-0.038709,-0.7409,-1.7321,-0.000885,1,0,0.4972,0.2452,0.2575,50.0,50.0,1,-0.002151,1.0574,0.002967,-0.055929
19895,zigzag,"{""min_move_pct"": 5.0}",TOP,2021-12-12T18:00:00Z,1639332000,50777.0,8.6116,42,1639180800,46751.0,43,8.6116,8.6116,1174.84,-0.004494,1.1171,1.3411,0.078884,0.5049,0.00098,1.0064,-0.002277,69.46,45.72,69.46,23.75,0.025967,2.1885,3.5847,0.001427,0,1,0.473,0.2132,0.3139,37.21,62.79,3,0.000905,0.4727,0.000374,-0.005399
19896,zigzag,"{""min_move_pct"": 5.0}",BOTTOM,2021-12-13T19:00:00Z,1639422000,45672.75,10.0523,25,1639332000,50777.0,26,10.0523,11.1757,1898.25,0.066482,0.471,2.3411,0.171558,0.4744,-0.003868,0.9439,-0.002639,27.96,27.45,69.46,42.01,0.018491,-3.459,-4.6157,-0.002944,1,0,0.4725,0.2999,0.2276,61.54,38.46,2,-0.002585,0.6936,-0.000882,0.069067
19897,zigzag,"{""min_move_pct"": 5.0}",TOP,2021-12-15T20:00:00Z,1639598400,49500.0,8.3797,49,1639422000,45672.75,50,8.3797,8.3797,2087.19,0.0061,0.9159,2.1799,0.09477,0.4954,0.001072,1.0659,-0.003493,65.45,27.4,65.45,38.05,0.137047,2.5819,3.6381,-5.9e-05,0,1,0.3988,0.2903,0.3109,52.0,48.0,5,0.000642,0.7216,-0.000525,0.005458
19898,zigzag,"{""min_move_pct"": 5.0}",BOTTOM,2021-12-17T15:00:00Z,1639753200,45456.0,8.1697,43,1639598400,49500.0,44,8.1697,8.8965,1614.12,0.011584,0.8883,1.9808,0.07944,0.4728,-0.002154,0.9544,-0.000735,35.93,24.19,65.45,41.26,-0.039962,-1.8019,-3.1595,-0.001583,1,0,0.4401,0.3106,0.2493,56.82,43.18,1,-0.001244,0.5635,-0.001066,0.012828
19899,zigzag,"{""min_move_pct"": 5.0}",TOP,2021-12-19T14:00:00Z,1639922400,48300.01,6.2566,47,1639753200,45456.0,48,6.2566,6.2566,1346.76,-0.011634,1.2853,1.2348,0.091141,0.5041,0.000896,0.9742,-0.002491,54.43,35.61,65.28,29.67,0.029113,0.4311,1.2029,0.000656,0,1,0.4489,0.2807,0.2704,47.92,52.08,1,0.00049,0.6705,0.000564,-0.012123
19900,zigzag,"{""min_move_pct"": 5.0}",BOTTOM,2021-12-20T14:00:00Z,1640008800,45558.85,5.6753,24,1639922400,48300.01,25,5.6753,6.0167,1362.82,0.009208,0.9198,1.1344,0.079489,0.4789,0.002897,1.0433,0.001047,46.75,34.74,54.43,19.7,0.045185,-0.3396,-1.1565,-0.001345,1,0,0.4199,0.313,0.2671,64.0,36.0,1,-0.001276,0.6448,-0.000677,0.010484
19901,zigzag,"{""min_move_pct"": 5.0}",TOP,2021-12-27T17:00:00Z,1640624400,52088.0,14.3312,171,1640008800,45558.85,172,14.3312,14.3312,1228.47,-0.003167,1.4354,1.3573,0.002431,0.5012,7.1e-05,1.1045,0.000923,73.36,28.76,81.23,52.47,0.020037,1.6703,2.5618,0.001118,0,1,0.4073,0.294,0.2986,45.35,54.65,2,0.000439,0.4763,-0.00079,-0.003605
19902,zigzag,"{""min_move_pct"": 5.0}",BOTTOM,2021-12-30T00:00:00Z,1640822400,45900.0,11.8799,55,1640624400,52088.0,56,11.8799,13.4815,1755.64,0.000716,1.1574,1.2127,0.023423,0.48,0.000307,0.9968,0.001251,36.13,18.63,73.36,54.72,-0.051595,-1.6388,-3.1816,-0.001044,1,0,0.4327,0.3354,0.2319,53.57,46.43,1,-0.001534,0.5971,0.002119,0.00225
19903,zigzag,"{""min_move_pct"": 5.0}",TOP,2021-12-31T09:00:00Z,1640941200,48548.26,5.7696,33,1640822400,45900.0,34,5.7696,5.7696,1266.21,-0.002507,1.157,1.3655,0.058016,0.4997,0.001609,1.0363,0.006089,64.54,34.78,67.48,32.71,0.075337,1.8609,2.1302,0.000485,0,1,0.4053,0.3279,0.2668,44.12,55.88,1,0.000622,0.6073,-0.000851,-0.00313
19904,zigzag,"{""min_move_pct"": 5.0}",BOTTOM,2021-12-31T20:00:00Z,1640980800,45678.0,5.9122,11,1640941200,48548.26,12,5.9122,6.2837,1701.77,0.059508,0.6761,1.2836,0.216483,0.484,9.4e-05,0.9631,-0.034352,30.05,27.12,64.54,37.42,-0.132047,-3.2011,-2.8393,-0.000877,1,0,0.4006,0.2521,0.3473,66.67,33.33,1,-0.004604,0.6705,-0.008786,0.064112
19905,zigzag,"{""min_move_pct"": 5.0}",TOP,2022-01-02T17:00:00Z,1641142800,47990.0,5.0615,45,1640980800,45678.0,46,5.0615,5.0615,831.81,-0.009856,1.2933,1.1518,0.035507,0.5013,0.000799,1.0431,-0.000283,52.84,30.05,63.04,32.98,0.050645,0.1978,0.6953,5.3e-05,0,1,0.391,0.2503,0.3586,45.65,54.35,1,0.000419,0.4662,-0.001243,-0.010276
19906,zigzag,"{""min_move_pct"": 5.0}",BOTTOM,2022-01-08T18:00:00Z,1641664800,40501.0,15.6053,145,1641142800,47990.0,146,15.6053,18.4909,1630.13,0.003244,0.5965,1.4633,-0.018822,0.4904,-0.000137,0.972,0.000575,27.4,20.0,65.01,45.01,-0.125222,-2.5441,-3.3015,-0.000822,1,0,0.444,0.2881,0.2679,54.11,45.89,5,-0.001081,0.6372,-0.000584,0.004326
19907,zigzag,"{""min_move_pct"": 5.0}",TOP,2022-01-09T20:00:00Z,1641758400,42786.7,5.6436,26,1641664800,40501.0,27,5.6436,5.6436,1289.94,-0.039905,1.6253,1.079,0.23136,0.4997,-0.000875,1.0397,0.013093,59.46,27.4,64.7,37.3,0.018972,1.3302,1.6009,0.000621,0,1,0.4954,0.2171,0.2875,44.44,55.56,1,0.000784,0.6761,-0.000762,-0.040689
19908,zigzag,"{""min_move_pct"": 5.0}",BOTTOM,2022-01-10T14:00:00Z,1641823200,39650.0,7.331,18,1641758400,42786.7,19,7.331,7.911,1730.41,0.143562,0.3466,2.4462,0.352245,0.4871,-0.004044,0.9636,-0.003659,31.37,31.04,59.46,28.43,-0.114786,-2.4833,-2.2412,-0.001201,1,0,0.4593,0.255,0.2857,68.42,31.58,1,-0.001584,0.4721,-0.002699,0.145145
19909,zigzag,"{""min_move_pct"": 5.0}",TOP,2022-01-13T14:00:00Z,1642082400,44500.0,12.232,72,1641823200,39650.0,73,12.232,12.232,1702.01,-0.013728,1.4864,1.0792,0.042373,0.5028,0.000111,1.0298,0.000777,66.23,31.37,77.6,46.22,0.036767,0.9032,2.2122,0.000233,0,1,0.3862,0.2775,0.3363,43.84,56.16,3,0.000916,0.5968,-0.000132,-0.014644
19910,zigzag,"{""min_move_pct"": 5.0}",BOTTOM,2022-01-19T08:00:00Z,1642579200,41138.56,7.5538,138,1642082400,44500.0,139,7.5538,8.171,1181.62,-0.002258,1.0705,1.0904,0.020931,0.4895,7.5e-05,0.9612,-0.001017,37.66,25.6,66.23,40.63,-0.045633,-1.1188,-1.7008,-0.000418,1,0,0.3997,0.3237,0.2766,48.92,51.08,1,-0.000208,0.4645,-0.000692,-0.002051
19911,zigzag,"{""min_move_pct"": 5.0}",TOP,2022-01-20T16:00:00Z,1642694400,43505.0,5.7524,32,1642579200,41138.56,33,5.7524,5.7524,1383.29,0.008104,1.0157,1.9297,0.156297,0.4954,0.000766,1.0529,0.021109,73.14,37.66,74.18,36.52,0.083765,2.6803,3.036,0.001301,0,1,0.4572,0.2805,0.2623,42.42,57.58,1,0.000623,0.5364,0.001696,0.007481
19912,zigzag,"{""min_move_pct"": 5.0}",BOTTOM,2022-01-22T10:00:00Z,1642845600,34008.0,21.8297,42,1642694400,43505.0,43,21.8297,27.9258,3768.72,0.018928,0.7035,1.7383,0.030967,0.4669,-0.000529,0.9647,-0.014225,31.8,19.78,73.14,53.37,0.070627,-3.3838,-9.244,-0.004274,1,0,0.4112,0.314,0.2748,65.12,34.88,1,-0.004526,1.2798,0.001402,0.023454
19913,zigzag,"{""min_move_pct"": 5.0}",TOP,2022-01-22T13:00:00Z,1642856400,36192.76,6.4243,3,1642845600,34008.0,4,6.4243,6.4243,6512.18,-0.457408,2.3286,1.0,,0.5056,0.025737,1.0,,35.06,31.23,36.63,5.4,0.045082,-1.9153,-8.1012,-0.00419,1,0,0.342,0.3262,0.3318,50.0,50.0,1,0.001756,0.6732,-0.003067,-0.459164
19914,zigzag,"{""min_move_pct"": 5.0}",BOTTOM,2022-01-22T18:00:00Z,1642874400,34243.38,5.3861,5,1642856400,36192.76,6,5.3861,5.6927,3274.16,-0.032008,0.9664,0.973,-0.140705,0.4962,-0.014019,0.9847,0.022698,28.77,28.77,35.06,6.29,-0.011718,-3.3883,-9.285,-0.00359,1,0,0.4668,0.1544,0.3789,83.33,16.67,2,-0.00561,0.8285,0.000295,-0.026397
19915,zigzag,"{""min_move_pct"": 5.0}",TOP,2022-01-23T23:00:00Z,1642978800,36499.0,6.587,29,1642874400,34243.38,30,6.587,6.587,1909.53,-0.0015,1.0689,1.1903,0.025711,0.5098,0.000519,1.0143,0.001309,60.41,28.77,60.41,31.64,0.097203,2.109,2.1667,0.00059,0,1,0.4575,0.2799,0.2626,36.67,63.33,4,0.000589,0.9039,-0.002526,-0.002089
19916,zigzag,"{""min_move_pct"": 5.0}",BOTTOM,2022-01-24T13:00:00Z,1643029200,32917.17,9.8135,14,1642978800,36499.0,15,9.8135,10.8813,3468.54,0.090207,0.4696,1.8247,0.44385,0.4775,-0.008798,0.9895,0.06983,33.28,27.53,60.41,32.88,-0.020254,-4.4179,-5.1032,-0.002737,1,0,0.5305,0.1857,0.2838,53.33,46.67,1,-0.005884,1.1812,-0.004601,0.096091
19917,zigzag,"{""min_move_pct"": 5.0}",TOP,2022-01-26T19:00:00Z,1643223600,38919.98,18.2361,54,1643029200,32917.17,55,18.2361,18.2361,2858.57,-0.006182,1.2292,1.6005,0.086038,0.5128,-0.000627,0.9885,0.003712,51.67,33.28,68.32,35.04,-0.04089,-0.1812,1.6834,0.0016,0,0,0.4593,0.2461,0.2946,38.18,61.82,3,0.001548,0.9717,-0.000625,-0.00773
19918,zigzag,"{""min_move_pct"": 5.0}",BOTTOM,2022-01-27T03:00:00Z,1643252400,35507.01,8.7692,8,1643223600,38919.98,9,8.7692,9.6121,4016.0,-0.20139,2.3753,0.6206,0.668366,0.4748,-0.008111,0.9696,0.02961,35.25,35.25,51.67,16.42,-0.06643,-4.2377,-3.2709,-0.001835,1,0,0.5534,0.25,0.1966,55.56,44.44,1,-0.0049,1.3136,0.001985,-0.19649
19919,zigzag,"{""min_move_pct"": 5.0}",TOP,2022-01-29T21:00:00Z,1643490000,38720.74,9.051,66,1643252400,35507.01,67,9.051,9.051,1662.31,-0.012094,1.5107,0.7766,-0.009174,0.5076,0.0001,1.0352,0.001269,65.88,33.77,66.09,32.31,0.061326,1.4726,2.7856,0.000531,0,1,0.4003,0.3014,0.2983,47.76,52.24,5,0.000812,0.6718,0.000225,-0.012906
19920,zigzag,"{""min_move_pct"": 5.0}",BOTTOM,2022-01-31T02:00:00Z,1643594400,36632.61,5.3928,29,1643490000,38720.74,30,5.3928,5.7002,1026.33,0.022033,0.8286,1.6838,0.088966,0.5051,-0.001512,1.0265,0.000647,36.26,31.79,65.88,34.09,-0.106542,-2.0079,-2.178,-0.001327,1,0,0.4449,0.2829,0.2722,46.67,53.33,1,-0.000808,0.6507,-0.001808,0.022841
19921,zigzag,"{""min_move_pct"": 5.0}",TOP,2022-02-01T16:00:00Z,1643731200,39265.2,7.1865,38,1643594400,36632.61,39,7.1865,7.1865,1526.39,0.013932,1.0765,1.5511,0.017459,0.5071,0.0012,1.0369,0.004368,65.49,35.35,69.51,34.16,0.000368,1.5883,3.1151,0.000375,0,1,0.421,0.2974,0.2816,38.46,61.54,2,0.001362,0.4966,-0.002053,0.012569
19922,zigzag,"{""min_move_pct"": 5.0}",BOTTOM,2022-02-03T12:00:00Z,1643889600,36250.0,7.6791,44,1643731200,39265.2,45,7.6791,8.3178,1419.42,0.006561,0.6188,1.1656,-0.007284,0.4962,-0.000622,0.9877,0.002203,38.23,27.76,65.49,37.73,0.015269,-0.8023,-3.1129,-0.001441,1,0,0.444,0.3102,0.2458,57.78,42.22,1,-0.00152,0.561,-0.000732,0.008081
19923,zigzag,"{""min_move_pct"": 5.0}",TOP,2022-02-08T06:00:00Z,1644300000,45492.0,25.4952,114,1643889600,36250.0,115,25.4952,25.4952,1770.47,-5e-06,1.2425,1.4818,0.026025,0.502,-0.000238,0.9894,-7.4e-05,73.7,35.13,82.22,47.09,0.035813,2.0408,4.8242,0.002299,0,1,0.4239,0.293,0.2831,47.83,52.17,1,0.001568,0.7035,-0.001554,-0.001573
19924,zigzag,"{""min_move_pct"": 5.0}",BOTTOM,2022-02-08T17:00:00Z,1644339600,42666.0,6.2121,11,1644300000,45492.0,12,6.2121,6.6235,3597.63,-0.056797,1.3492,0.8265,0.100184,0.5118,0.000689,1.0169,-0.050663,37.79,37.79,74.37,36.58,-0.066581,-2.2219,-0.5689,-0.001028,1,0,0.295,0.4595,0.2455,75.0,25.0,4,-0.003466,0.6667,0.001657,-0.053331
19925,zigzag,"{""min_move_pct"": 5.0}",TOP,2022-02-10T17:00:00Z,1644512400,45821.0,7.3946,48,1644339600,42666.0,49,7.3946,7.3946,1999.56,0.021571,0.7242,3.0864,0.098565,0.4885,0.000143,1.0084,-0.003842,62.83,37.79,65.92,28.14,0.09334,2.2045,2.9749,0.000614,0,1,0.4023,0.3049,0.2928,40.82,59.18,1,0.000576,0.7943,0.00015,0.020995
19926,zigzag,"{""min_move_pct"": 5.0}",BOTTOM,2022-02-14T01:00:00Z,1644800400,41550.56,9.3198,80,1644512400,45821.0,81,9.3198,10.2777,1348.94,-0.014776,1.8732,0.7539,0.014192,0.4778,-0.000553,0.9583,-0.002246,36.79,34.22,62.83,28.61,-0.053602,-1.5044,-1.5222,-0.0002,1,0,0.4277,0.3244,0.2479,55.56,44.44,1,-0.000527,0.5988,0.001176,-0.014249
19927,zigzag,"{""min_move_pct"": 5.0}",TOP,2022-02-15T23:00:00Z,1644966000,44751.4,7.7035,46,1644800400,41550.56,47,7.7035,7.7035,1514.45,0.002046,0.9062,0.7515,-0.02448,0.4942,0.001552,1.0492,-0.001275,69.05,36.79,77.07,40.28,0.021777,1.1587,3.5094,0.000955,0,1,0.422,0.251,0.3269,40.43,59.57,2,0.00147,0.4969,0.000251,0.000576
19928,zigzag,"{""min_move_pct"": 5.0}",BOTTOM,2022-02-21T13:00:00Z,1645448400,37213.63,16.8437,134,1644966000,44751.4,135,16.8437,20.2554,1489.98,0.000436,1.3656,2.1468,0.001792,0.4734,-8.7e-05,0.9835,0.001956,30.5,15.45,69.05,53.6,-0.129273,-2.749,-3.7246,-0.000737,1,0,0.4115,0.3195,0.2689,57.04,42.96,1,-0.00121,0.559,0.000908,0.001646
19929,zigzag,"{""min_move_pct"": 5.0}",TOP,2022-02-21T15:00:00Z,1645455600,39283.07,5.561,2,1645448400,37213.63,3,5.561,5.561,4559.39,0.037925,0.73,1.0,,0.5072,0.030067,1.0,,52.49,30.5,52.49,21.99,0.247092,0.4396,-0.3661,0.000433,0,0,0.3588,0.269,0.3721,0.0,100.0,3,0.016492,1.296,,
19930,zigzag,"{""min_move_pct"": 5.0}",BOTTOM,2022-02-22T03:00:00Z,1645498800,36350.0,7.4665,12,1645455600,39283.07,13,7.4665,8.069,3039.09,-0.001931,0.9594,0.9593,0.014293,0.4816,-0.004906,0.9841,-0.013089,34.47,34.47,52.49,18.02,-0.018047,-3.3909,-4.6886,-0.002898,1,0,0.4593,0.2651,0.2756,53.85,46.15,2,-0.004597,1.2299,0.001827,0.002666
19931,zigzag,"{""min_move_pct"": 5.0}",TOP,2022-02-23T13:00:00Z,1645621200,39249.93,7.9778,34,1645498800,36350.0,35,7.9778,7.9778,1972.74,-0.018455,1.6479,0.8753,0.034046,0.5117,0.000734,1.0255,-0.001365,66.32,34.47,67.88,33.41,-0.00103,1.9038,2.9883,0.001453,0,1,0.3633,0.292,0.3448,42.86,57.14,1,0.001528,0.5614,-0.000645,-0.019982
19932,zigzag,"{""min_move_pct"": 5.0}",BOTTOM,2022-02-24T05:00:00Z,1645678800,34322.28,12.5545,16,1645621200,39249.93,17,12.5545,14.357,3529.42,0.103318,0.4932,1.9277,0.232651,0.4657,-0.008767,0.9495,0.01383,20.52,19.95,66.32,46.37,-0.123964,-7.4354,-7.8394,-0.004355,1,0,0.5212,0.2977,0.1811,70.59,29.41,1,-0.006764,0.9889,-0.005971,0.110082
19933,zigzag,"{""min_move_pct"": 5.0}",TOP,2022-02-24T20:00:00Z,1645732800,39843.0,16.0849,15,1645678800,34322.28,16,16.0849,16.0849,5281.27,0.01542,0.9074,1.1078,0.193877,0.5143,0.001087,0.9939,-0.004612,69.18,20.52,69.18,48.67,0.105204,7.3636,3.3461,-0.000509,0,1,0.4358,0.2768,0.2875,31.25,68.75,3,0.004607,1.0403,0.007714,0.010813
19934,zigzag,"{""min_move_pct"": 5.0}",BOTTOM,2022-02-24T22:00:00Z,1645740000,37748.94,5.2558,2,1645732800,39843.0,3,5.2558,5.5473,5562.47,-0.93943,5.8562,1.0,,0.5244,-0.079112,1.0,,62.02,62.02,69.18,7.17,-0.053741,5.3305,1.8535,0.002364,0,1,0.4025,0.1982,0.3993,66.67,33.33,2,-0.00718,0.6541,,
19935,zigzag,"{""min_move_pct"": 5.0}",TOP,2022-02-26T00:00:00Z,1645833600,40348.45,6.8863,26,1645740000,37748.94,27,6.8863,6.8863,2385.6,0.007436,0.7963,0.8367,-0.077033,0.5187,0.002592,1.0236,-0.01155,63.97,53.69,68.82,15.13,0.019384,2.0574,5.9401,0.000726,0,1,0.4883,0.2433,0.2684,51.85,48.15,1,0.001057,0.7752,-0.000338,0.006379
19936,zigzag,"{""min_move_pct"": 5.0}",BOTTOM,2022-02-27T21:00:00Z,1645995600,37000.0,8.2988,45,1645833600,40348.45,46,8.2988,9.0499,1544.46,0.019552,0.6574,1.9757,0.092898,0.4892,-0.001093,0.9285,0.000121,33.92,32.95,66.34,33.38,-0.097587,-3.5014,-4.0645,-0.001171,1,0,0.4247,0.2936,0.2818,45.65,54.35,1,-0.000456,0.7989,-0.000145,0.020008
19937,zigzag,"{""min_move_pct"": 5.0}",TOP,2022-03-02T15:00:00Z,1646233200,45400.0,22.7027,66,1645995600,37000.0,67,22.7027,22.7027,2832.79,0.0014,1.0483,1.5976,-0.00627,0.4976,-0.000171,0.9692,-0.00314,53.75,33.92,80.96,47.03,0.000153,0.0276,1.7083,0.000539,0,1,0.4118,0.2979,0.2904,47.76,52.24,1,0.002789,1.0493,-0.005188,-0.001389
19938,zigzag,"{""min_move_pct"": 5.0}",BOTTOM,2022-03-07T03:00:00Z,1646622000,37578.03,17.229,108,1646233200,45400.0,109,17.229,20.8153,1994.06,-0.004071,1.4729,1.4692,0.003175,0.4862,-9.4e-05,0.9795,0.000198,31.83,14.72,56.59,41.87,-0.060588,-2.0061,-2.9197,-0.001768,1,0,0.3838,0.3371,0.2792,57.8,42.2,1,-0.001426,0.5869,0.00147,-0.002644
19939,zigzag,"{""min_move_pct"": 5.0}",TOP,2022-03-07T16:00:00Z,1646668800,39547.57,5.2412,13,1646622000,37578.03,14,5.2412,5.2412,2296.5,0.079029,0.5901,1.4851,0.143403,0.5095,-0.008804,0.9844,0.029955,54.3,31.83,59.58,27.75,0.006216,1.1357,-0.0356,0.00014,0,0,0.4286,0.2193,0.3522,35.71,64.29,1,0.002428,0.5655,0.002723,0.076601
19940,zigzag,"{""min_move_pct"": 5.0}",BOTTOM,2022-03-07T20:00:00Z,1646683200,37155.0,6.0499,4,1646668800,39547.57,5,6.0499,6.4394,3872.64,0.002287,0.8389,1.0,,0.4819,0.030863,1.0,,38.39,33.43,54.3,20.88,-0.111731,-1.6622,-2.9313,-0.001146,1,0,0.5507,0.1734,0.2759,80.0,20.0,1,-0.009903,1.0064,0.000674,0.012191
19941,zigzag,"{""min_move_pct"": 5.0}",TOP,2022-03-09T15:00:00Z,1646838000,42594.06,14.6388,43,1646683200,37155.0,44,14.6388,14.6388,2734.71,0.009614,0.879,1.2015,0.003711,0.5095,-1.5e-05,0.9804,0.003664,77.55,38.39,80.4,42.0,-0.001416,4.1446,7.8058,0.004161,0,1,0.4149,0.2784,0.3067,38.64,61.36,2,0.002686,0.8817,0.004326,0.006928
19942,zigzag,"{""min_move_pct"": 5.0}",BOTTOM,2022-03-11T02:00:00Z,1646964000,38223.6,10.2607,35,1646838000,42594.06,36,10.2607,11.4339,2682.51,-0.003625,1.1172,0.7201,-0.081512,0.4778,0.000239,0.9931,0.003527,28.72,27.73,77.55,49.82,-0.108483,-2.2713,-5.5124,-0.000925,1,0,0.4015,0.3563,0.2421,58.33,41.67,4,-0.002713,0.7787,0.005092,-0.000912
19943,zigzag,"{""min_move_pct"": 5.0}",TOP,2022-03-11T12:00:00Z,1647000000,40236.26,5.2655,10,1646964000,38223.6,11,5.2655,5.2655,2705.38,0.08174,0.7475,1.1868,0.330649,0.5104,0.001037,0.9923,0.011126,59.63,28.72,59.63,30.91,0.082912,1.9898,-0.3899,0.000409,0,0,0.4493,0.2386,0.3121,45.45,54.55,2,0.003516,0.7755,0.001094,0.078224
19944,zigzag,"{""min_move_pct"": 5.0}",BOTTOM,2022-03-14T00:00:00Z,1647216000,37555.0,6.6638,60,1647000000,40236.26,61,6.6638,7.1396,1442.69,-0.007542,1.3064,1.6097,0.088454,0.4861,-0.000472,0.9584,-0.002119,28.23,24.03,59.63,35.6,-0.12755,-2.2967,-2.8208,-0.001501,1,0,0.3871,0.2909,0.3219,45.9,54.1,2,-0.000218,0.5592,-0.000784,-0.007324
19945,zigzag,"{""min_move_pct"": 5.0}",TOP,2022-03-16T02:00:00Z,1647396000,41718.0,11.0851,50,1647216000,37555.0,51,11.0851,11.0851,2149.77,0.0125,0.8401,1.8364,0.045278,0.4969,-0.000102,0.9591,0.001915,72.95,28.23,72.95,44.72,0.05623,4.3426,4.8766,0.001108,0,1,0.4081,0.2772,0.3148,47.06,52.94,2,0.000524,0.7397,0.00017,0.011977
19946,zigzag,"{""min_move_pct"": 5.0}",BOTTOM,2022-03-16T03:00:00Z,1647399600,38828.48,6.9263,1,1647396000,41718.0,2,6.9263,7.4418,10678.02,-0.488037,1.6456,1.0,,0.4976,-0.202538,1.0,,49.12,49.12,72.95,23.83,-0.390393,-0.1053,0.4417,0.000919,0,0,0.7055,0.0873,0.2072,50.0,50.0,1,-0.042638,0.0,,
19947,zigzag,"{""min_move_pct"": 5.0}",TOP,2022-03-28T19:00:00Z,1648494000,48189.84,24.1095,304,1647399600,38828.48,305,24.1095,24.1095,1902.62,-0.000226,1.008,1.4554,0.003226,0.4932,4.5e-05,0.9924,9.4e-05,78.16,26.16,86.77,60.61,0.024955,1.4553,4.6196,0.001291,0,1,0.4192,0.3022,0.2785,47.21,52.79,1,0.000466,0.4959,0.000497,-0.000692
19948,zigzag,"{""min_move_pct"": 5.0}",BOTTOM,2022-04-01T02:00:00Z,1648778400,44200.0,8.2794,79,1648494000,48189.84,80,8.2794,9.0268,1864.33,0.007019,0.779,1.6806,0.025031,0.4909,-0.000561,0.9414,-0.002341,20.28,20.28,78.16,57.88,-0.11516,-3.9426,-5.1757,-0.002107,1,0,0.4492,0.3297,0.2211,50.0,50.0,2,-0.000482,0.4855,-0.000972,0.007502
19949,zigzag,"{""min_move_pct"": 5.0}",TOP,2022-04-03T22:00:00Z,1649023200,47444.11,7.3396,68,1648778400,44200.0,69,7.3396,7.3396,1717.5,-0.011163,1.3387,1.2682,0.032485,0.5008,-0.000357,1.0251,0.002107,56.16,20.28,64.6,44.32,0.017624,0.6232,0.6533,0.000791,0,1,0.457,0.2888,0.2542,42.03,57.97,1,0.000389,0.4974,-0.001381,-0.011552
19950,zigzag,"{""min_move_pct"": 5.0}",BOTTOM,2022-04-11T22:00:00Z,1649714400,39200.0,17.3765,192,1649023200,47444.11,193,17.3765,21.0309,1749.17,-0.001118,1.321,1.9597,0.009599,0.4905,-6.6e-05,0.9365,0.000148,27.59,16.6,68.68,52.08,-0.015735,-3.2312,-5.3751,-0.002947,1,0,0.4311,0.3066,0.2623,54.4,45.6,1,-0.000662,0.4847,0.000262,-0.000456
19951,zigzag,"{""min_move_pct"": 5.0}",TOP,2022-04-13T19:00:00Z,1649876400,41561.31,6.0237,45,1649714400,39200.0,46,6.0237,6.0237,2184.36,-0.004773,1.4011,1.1887,0.04058,0.493,0.000152,1.0312,-0.001094,61.74,25.46,68.85,43.39,-0.012333,1.8043,2.4229,0.001691,0,1,0.4363,0.2878,0.276,45.65,54.35,1,0.00049,0.5806,0.001171,-0.005264
19952,zigzag,"{""min_move_pct"": 5.0}",BOTTOM,2022-04-18T05:00:00Z,1650258000,38536.51,7.2779,106,1649876400,41561.31,107,7.2779,7.8492,1079.53,-0.003048,1.411,2.0458,0.038464,0.4881,0.000205,0.9988,0.000251,24.23,20.41,66.08,45.66,-0.118234,-2.7174,-3.2025,-0.001268,1,0,0.413,0.2926,0.2944,50.47,49.53,1,-0.000213,0.4207,0.000212,-0.002836
19953,zigzag,"{""min_move_pct"": 5.0}",TOP,2022-04-21T13:00:00Z,1650546000,42976.0,11.5202,80,1650258000,38536.51,81,11.5202,11.5202,1861.13,6.9e-05,1.0959,1.9047,0.030451,0.4953,8.4e-05,1.0222,0.002662,72.46,24.23,74.78,50.55,0.052535,2.3021,2.7134,0.001379,0,1,0.4133,0.256,0.3306,37.04,62.96,4,0.00082,0.459,-0.001277,-0.000751
19954,zigzag,"{""min_move_pct"": 5.0}",BOTTOM,2022-04-25T07:00:00Z,1650870000,38200.0,11.1132,90,1650546000,42976.0,91,11.1132,12.5026,1607.49,-0.008818,1.59,1.3625,0.055679,0.4894,-0.000689,0.9578,-0.003398,28.48,23.13,72.46,49.33,-0.10796,-2.2127,-2.7453,-0.001139,1,0,0.4056,0.2823,0.312,53.85,46.15,4,-0.000546,0.4163,0.001,-0.008273
19955,zigzag,"{""min_move_pct"": 5.0}",TOP,2022-04-26T08:00:00Z,1650960000,40797.31,6.7992,25,1650870000,38200.0,26,6.7992,6.7992,2385.62,-0.040905,2.4228,0.6058,-0.021482,0.5067,-0.00294,0.9574,-0.011579,66.5,27.97,71.96,43.99,-0.014315,1.0529,2.3094,0.002377,0,1,0.3123,0.2724,0.4153,42.31,57.69,1,0.002614,0.4688,-0.002823,-0.043519
19956,zigzag,"{""min_move_pct"": 5.0}",BOTTOM,2022-04-26T23:00:00Z,1651014000,37702.26,7.5864,15,1650960000,40797.31,16,7.5864,8.2092,3466.86,0.026361,0.8014,0.9232,-0.393491,0.4882,-0.004232,0.9905,0.011771,26.06,22.48,66.5,44.02,0.03643,-3.326,-3.3199,-0.002905,1,0,0.3915,0.3526,0.2559,75.0,25.0,2,-0.004933,0.6141,0.004657,0.031294
19957,zigzag,"{""min_move_pct"": 5.0}",TOP,2022-04-28T18:00:00Z,1651168800,40372.63,7.0828,43,1651014000,37702.26,44,7.0828,7.0828,2449.65,0.008559,1.1633,1.894,0.051699,0.5024,-0.000909,1.0025,0.002196,61.88,26.06,66.67,40.61,0.065458,1.4021,2.6877,0.001111,0,1,0.4686,0.2533,0.2782,43.18,56.82,1,0.000866,0.5776,-0.000283,0.007693
19958,zigzag,"{""min_move_pct"": 5.0}",BOTTOM,2022-05-01T01:00:00Z,1651366800,37386.38,7.3967,55,1651168800,40372.63,56,7.3967,7.9875,1832.76,-0.000824,1.4681,1.4878,0.028512,0.4865,-0.000906,0.9114,-0.000587,37.22,25.35,61.88,36.52,-0.045495,-1.0918,-2.0492,-0.001055,1,0,0.3989,0.3049,0.2962,64.29,35.71,2,-0.000862,0.4399,0.000837,3.7e-05
19959,zigzag,"{""min_move_pct"": 5.0}",TOP,2022-05-04T19:00:00Z,1651690800,40023.77,7.0544,90,1651366800,37386.38,91,7.0544,7.0544,2058.59,0.008425,0.8857,2.5299,0.011702,0.5118,0.000369,1.0257,-0.000638,74.73,29.69,74.73,45.04,0.032026,3.008,3.6495,0.002112,0,1,0.4174,0.2612,0.3214,51.65,48.35,2,0.000146,0.4674,-0.00015,0.008279
19960,zigzag,"{""min_move_pct"": 5.0}",BOTTOM,2022-05-09T18:00:00Z,1652119200,30334.07,24.2099,119,1651690800,40023.77,120,24.2099,31.9433,3481.74,0.009126,0.711,4.0915,0.041027,0.4772,-0.001064,0.9381,-7.9e-05,17.9,15.12,74.73,59.6,-0.126718,-6.8621,-9.6832,-0.004295,1,0,0.4376,0.2788,0.2836,58.33,41.67,5,-0.001532,0.7016,0.000287,0.010658
19961,zigzag,"{""min_move_pct"": 5.0}",TOP,2022-05-09T20:00:00Z,1652126400,31899.99,5.1622,2,1652119200,30334.07,3,5.1622,5.1622,15645.13,-0.219703,1.5363,1.0,,0.4561,-0.013113,1.0,,21.48,17.9,21.48,3.58,0.08842,-5.4577,-8.6628,-0.004774,1,0,0.2187,0.4051,0.3762,33.33,66.67,2,0.002707,0.2411,,
19962,zigzag,"{""min_move_pct"": 5.0}",BOTTOM,2022-05-10T00:00:00Z,1652140800,29730.4,6.8012,4,1652126400,31899.99,5,6.8012,7.2975,10547.11,0.09454,0.953,1.0,,0.4449,-0.02842,1.0,,32.63,20.17,32.63,12.45,0.089389,-4.1781,-8.0906,-0.004596,1,0,0.3909,0.184,0.4252,40.0,60.0,1,-0.00347,2.071,-0.000839,0.09801
19963,zigzag,"{""min_move_pct"": 5.0}",TOP,2022-05-10T06:00:00Z,1652162400,32658.99,9.8505,6,1652140800,29730.4,7,9.8505,9.8505,9759.06,-0.108312,1.5848,0.8028,0.56894,0.4421,0.018813,1.0134,0.031646,51.43,32.63,51.43,18.8,0.108567,1.8476,-3.0469,-0.003099,0,0,0.4995,0.1069,0.3935,14.29,85.71,3,0.006745,1.0897,0.011738,-0.115057
19964,zigzag,"{""min_move_pct"": 5.0}",BOTTOM,2022-05-10T22:00:00Z,1652220000,30147.78,7.6892,16,1652162400,32658.99,17,7.6892,8.3297,6098.61,-0.047609,1.4511,0.6335,-0.053953,0.4499,0.001268,0.984,-0.012967,42.74,35.95,53.58,17.63,-0.051802,-1.9147,-4.0478,0.000107,1,0,0.5126,0.1933,0.2941,58.82,41.18,1,-0.002002,1.3049,-0.002946,-0.045607
19965,zigzag,"{""min_move_pct"": 5.0}",TOP,2022-05-11T05:00:00Z,1652245200,31888.85,5.7751,7,1652220000,30147.78,8,5.7751,5.7751,4390.56,0.001844,0.9334,0.9387,0.449492,0.498,0.005741,1.0147,-0.046875,50.91,42.74,51.07,8.34,0.027278,0.545,-0.7824,-0.000627,0,0,0.4279,0.2153,0.3568,25.0,75.0,2,0.002593,1.0222,-0.000277,-0.000749
19966,zigzag,"{""min_move_pct"": 5.0}",BOTTOM,2022-05-11T07:00:00Z,1652252400,30200.0,5.2961,2,1652245200,31888.85,3,5.2961,5.5922,8681.43,0.304593,0.734,1.0,,0.479,-0.002566,1.0,,42.93,41.52,50.91,9.39,-0.088457,-1.8046,-3.0121,-0.001453,1,0,0.4224,0.2628,0.3147,33.33,66.67,1,-0.013351,1.6879,,
19967,zigzag,"{""min_move_pct"": 5.0}",TOP,2022-05-11T10:00:00Z,1652263200,32162.59,6.4986,3,1652252400,30200.0,4,6.4986,6.4986,8835.62,-0.227095,1.623,1.0,,0.5072,0.009256,1.0,,55.48,42.93,55.48,12.55,0.079891,2.1457,1.2506,-3.5e-05,0,1,0.4003,0.3682,0.2315,0.0,100.0,4,0.012848,0.9542,-0.022746,-0.239943
19968,zigzag,"{""min_move_pct"": 5.0}",BOTTOM,2022-05-11T12:00:00Z,1652270400,29039.54,9.7102,2,1652263200,32162.59,3,9.7102,10.7545,13243.81,0.823084,0.3873,1.0,,0.4727,-0.04785,1.0,,35.1,35.1,55.48,20.38,-0.214377,-5.6668,-6.4197,-0.001345,1,0,0.554,0.1856,0.2604,66.67,33.33,2,-0.040686,3.0066,,
19969,zigzag,"{""min_move_pct"": 5.0}",TOP,2022-05-11T14:00:00Z,1652277600,32000.0,10.1946,2,1652270400,29039.54,3,10.1946,10.1946,24375.48,-0.245755,1.2588,1.0,,0.4939,0.064562,1.0,,53.68,35.1,53.68,18.58,0.20055,2.361,1.6917,-0.000212,0,1,0.6488,0.1923,0.1589,33.33,66.67,2,0.040312,2.3154,,
19970,zigzag,"{""min_move_pct"": 5.0}",BOTTOM,2022-05-11T21:00:00Z,1652302800,27785.0,13.1719,7,1652277600,32000.0,8,13.1719,15.1701,8483.51,-0.051919,1.2648,0.9053,0.536294,0.462,-0.022944,0.9712,0.002264,40.17,35.11,53.68,18.57,-0.030066,-5.0742,-6.0544,-0.002859,1,0,0.5,0.3047,0.1953,75.0,25.0,1,-0.01357,1.6722,0.009299,-0.038349
19971,zigzag,"{""min_move_pct"": 5.0}",TOP,2022-05-12T00:00:00Z,1652313600,30243.0,8.8465,3,1652302800,27785.0,4,8.8465,8.8465,7197.02,-0.11196,1.4045,1.0,,0.4895,0.033898,1.0,,46.46,38.86,46.46,7.6,0.050083,-1.771,-3.4363,-0.003347,1,0,0.438,0.3566,0.2055,25.0,75.0,2,0.008146,1.3777,0.033477,-0.120106
19972,zigzag,"{""min_move_pct"": 5.0}",BOTTOM,2022-05-12T05:00:00Z,1652331600,26700.0,11.7151,5,1652313600,30243.0,6,11.7151,13.2697,11185.57,0.246742,0.4572,1.0501,0.467195,0.4937,-0.010348,0.9981,-0.028605,32.09,32.09,46.46,14.37,-0.070895,-8.5082,-11.4916,-0.005015,1,0,0.5708,0.2191,0.2102,83.33,16.67,5,-0.018241,0.3982,-0.005553,0.264983
19973,zigzag,"{""min_move_pct"": 5.0}",TOP,2022-05-12T16:00:00Z,1652371200,29967.03,12.2361,11,1652331600,26700.0,12,12.2361,12.2361,10858.0,-0.084953,1.627,0.7831,0.262648,0.5084,0.006278,1.0194,-0.010874,54.53,32.03,54.53,22.5,0.053559,3.8721,-0.8831,-0.000535,0,0,0.3722,0.2736,0.3542,58.33,41.67,1,0.006998,2.0484,-0.001533,-0.091951
19974,zigzag,"{""min_move_pct"": 5.0}",BOTTOM,2022-05-12T21:00:00Z,1652389200,28001.0,6.5606,5,1652371200,29967.03,6,6.5606,7.0213,4710.42,-0.240725,1.972,0.8245,0.186444,0.4875,-0.022643,0.9736,0.036368,45.93,45.17,54.53,9.36,-0.000418,0.0818,-4.1485,-0.001336,0,0,0.4642,0.2516,0.2842,66.67,33.33,2,-0.006051,1.5118,0.019908,-0.234674
19975,zigzag,"{""min_move_pct"": 5.0}",TOP,2022-05-13T05:00:00Z,1652418000,31083.37,11.0081,8,1652389200,28001.0,9,11.0081,11.0081,4746.91,0.084154,0.6651,1.1749,-0.134901,0.516,0.014827,1.0266,-0.01366,61.73,45.93,62.52,16.58,0.026039,4.6597,3.5064,0.004363,0,1,0.4273,0.301,0.2716,33.33,66.67,1,0.009548,0.8484,-0.004347,0.074606
19976,zigzag,"{""min_move_pct"": 5.0}",BOTTOM,2022-05-14T16:00:00Z,1652544000,28630.0,7.8929,35,1652418000,31083.37,36,7.8929,8.5692,2993.42,-0.025227,1.7248,0.8637,0.057721,0.5014,0.001264,1.0183,0.003314,48.4,35.97,62.8,26.83,0.044248,-0.1106,-0.9929,-0.001661,1,0,0.4225,0.2603,0.3171,50.0,50.0,1,-0.001642,0.7946,0.000144,-0.023585
19977,zigzag,"{""min_move_pct"": 5.0}",TOP,2022-05-15T22:00:00Z,1652652000,31460.0,9.8847,30,1652544000,28630.0,31,9.8847,9.8847,2055.34,0.005317,0.8717,1.4021,0.120011,0.5092,0.001733,1.0678,0.005442,69.21,47.93,69.21,21.28,0.045013,3.0967,4.4396,0.001652,0,1,0.4406,0.2589,0.3005,41.94,58.06,5,0.001326,0.723,0.001656,0.003991
19978,zigzag,"{""min_move_pct"": 5.0}",BOTTOM,2022-05-16T16:00:00Z,1652716800,29087.04,7.5428,18,1652652000,31460.0,19,7.5428,8.1581,3288.25,0.040254,0.7229,1.3925,-0.021678,0.4992,-0.003006,0.979,0.01253,38.67,37.38,71.98,34.6,-0.025586,-2.829,-2.2869,-0.001524,1,0,0.4701,0.2713,0.2585,63.16,36.84,1,-0.003155,0.9324,0.004871,0.043409
19979,zigzag,"{""min_move_pct"": 5.0}",TOP,2022-05-17T08:00:00Z,1652774400,30788.37,5.8491,16,1652716800,29087.04,17,5.8491,5.8491,2017.72,-0.055354,1.5281,0.7252,0.111453,0.5128,0.000129,0.9976,-0.004387,59.04,38.67,59.04,20.36,0.005422,1.8955,1.4191,0.000921,0,1,0.5231,0.2563,0.2205,35.29,64.71,1,0.002087,0.694,-0.000408,-0.057441
19980,zigzag,"{""min_move_pct"": 5.0}",BOTTOM,2022-05-18T23:00:00Z,1652914800,28654.47,6.9309,39,1652774400,30788.37,40,6.9309,7.447,2597.54,0.001129,0.9833,0.8947,0.025107,0.4983,-0.000712,0.9629,-0.003699,31.57,30.01,60.13,30.12,-0.061995,-2.5087,-4.0892,-0.0019,1,0,0.4613,0.2515,0.2872,60.0,40.0,4,-0.00137,0.6736,-0.001461,0.002499
19981,zigzag,"{""min_move_pct"": 5.0}",TOP,2022-05-20T01:00:00Z,1653008400,30777.33,7.4085,26,1652914800,28654.47,27,7.4085,7.4085,2808.87,0.012769,0.6465,0.8227,-0.092666,0.5155,0.003542,1.0381,0.001038,64.66,31.57,69.39,37.82,0.007493,2.131,2.9054,0.001975,0,1,0.4555,0.2208,0.3237,40.74,59.26,1,0.002317,0.6844,0.000488,0.010452
19982,zigzag,"{""min_move_pct"": 5.0}",BOTTOM,2022-05-20T16:00:00Z,1653062400,28730.0,6.6521,15,1653008400,30777.33,16,6.6521,7.1261,2837.98,0.06906,0.6159,1.5706,0.234896,0.5069,-0.005174,0.9763,0.010491,30.88,30.88,64.66,33.78,-0.165256,-3.9918,-2.5815,-0.001166,1,0,0.5054,0.3103,0.1842,62.5,37.5,3,-0.002009,0.855,-0.006354,0.071069
19983,zigzag,"{""min_move_pct"": 5.0}",TOP,2022-05-23T07:00:00Z,1653289200,30670.51,6.7543,63,1653062400,28730.0,64,6.7543,6.7543,1383.79,0.000379,0.8304,1.2141,0.064748,0.5036,0.000559,1.0106,0.003183,66.52,30.88,75.12,44.24,0.037741,1.0872,2.4231,0.000606,0,1,0.3907,0.2759,0.3334,40.62,59.38,1,0.000694,0.4154,0.000613,-0.000315
19984,zigzag,"{""min_move_pct"": 5.0}",BOTTOM,2022-05-24T14:00:00Z,1653400800,28669.0,6.5258,31,1653289200,30670.51,32,6.5258,6.9814,2685.73,-0.001722,1.3853,1.2584,0.015973,0.4822,-0.000555,0.9456,-0.006713,36.91,24.65,66.52,41.88,-0.051053,-0.605,-2.4908,-0.001736,1,0,0.3811,0.313,0.3059,56.25,43.75,1,-0.001659,0.6077,0.002871,-6.3e-05
19985,zigzag,"{""min_move_pct"": 5.0}",TOP,2022-05-25T04:00:00Z,1653451200,30223.74,5.4231,14,1653400800,28669.0,15,5.4231,5.4231,2968.4,-0.093305,2.0362,0.6811,0.262168,0.5074,0.004559,1.0101,0.005224,65.81,36.91,69.81,32.9,0.044676,2.0407,1.3949,0.001272,0,1,0.4027,0.3166,0.2807,26.67,73.33,1,0.002399,0.4725,0.001964,-0.095705
19986,zigzag,"{""min_move_pct"": 5.0}",BOTTOM,2022-05-26T13:00:00Z,1653570000,28019.56,7.2929,33,1653451200,30223.74,34,7.2929,7.8666,3251.05,0.03844,0.7654,2.2542,0.133715,0.4854,-0.000127,1.0457,-0.003986,32.47,32.47,65.81,33.34,-0.047849,-2.4276,-2.5812,-0.00115,1,0,0.4665,0.3039,0.2295,61.76,38.24,4,-0.00068,0.6314,-0.001669,0.039121
19987,zigzag,"{""min_move_pct"": 5.0}",TOP,2022-05-26T16:00:00Z,1653580800,29787.69,6.3103,3,1653570000,28019.56,4,6.3103,6.3103,9871.23,-0.476846,3.1604,1.0,,0.5025,0.066607,1.0,,53.15,32.47,53.15,20.69,0.145596,0.376,-0.0234,-0.000567,0,0,0.4757,0.2538,0.2705,25.0,75.0,3,0.008436,0.4551,-0.008595,-0.485282
19988,zigzag,"{""min_move_pct"": 5.0}",BOTTOM,2022-05-27T18:00:00Z,1653674400,28282.9,5.0517,26,1653580800,29787.69,27,5.0517,5.3205,3642.87,0.025427,0.61,1.3364,-0.010262,0.4904,-0.003556,0.9092,-0.003533,36.87,34.54,54.37,19.83,-0.044276,-1.5799,-2.7872,-0.001532,1,0,0.415,0.2666,0.3184,48.15,51.85,1,-0.001198,0.6119,0.001234,0.026625
19989,zigzag,"{""min_move_pct"": 5.0}",TOP,2022-05-31T16:00:00Z,1654012800,32399.0,14.5533,94,1653674400,28282.9,95,14.5533,14.5533,2342.01,0.011547,0.4692,1.9518,0.034094,0.4838,-0.000528,1.0427,-0.000131,69.89,36.87,83.97,47.11,0.044883,1.4716,4.5619,0.001648,0,1,0.4328,0.2765,0.2907,48.42,51.58,3,0.001293,0.4992,0.001532,0.010255
19990,zigzag,"{""min_move_pct"": 5.0}",BOTTOM,2022-06-03T14:00:00Z,1654264800,29282.36,9.6196,70,1654012800,32399.0,71,9.6196,10.6434,3120.2,-0.002136,1.4641,1.5927,-0.013591,0.4891,0.000427,0.969,-0.001311,32.19,18.76,69.89,51.12,-0.008011,-2.5055,-2.2356,-0.000979,1,0,0.4541,0.2721,0.2737,57.75,42.25,1,-0.000957,0.5499,0.002585,-0.001179
19991,zigzag,"{""min_move_pct"": 5.0}",TOP,2022-06-06T14:00:00Z,1654524000,31765.64,8.4805,72,1654264800,29282.36,73,8.4805,8.4805,1579.6,0.012512,0.6832,1.9587,0.079694,0.5013,-0.000292,0.9713,0.000992,78.74,32.19,81.64,49.46,-0.006394,1.9028,4.2331,0.002398,0,1,0.4364,0.257,0.3066,42.47,57.53,3,0.000783,0.3785,0.001834,0.011729
19992,zigzag,"{""min_move_pct"": 5.0}",BOTTOM,2022-06-07T02:00:00Z,1654567200,29218.96,8.0171,12,1654524000,31765.64,13,8.0171,8.7158,4153.0,0.074394,0.7364,1.4439,0.54143,0.502,-0.001071,0.9812,-0.004215,20.58,20.58,79.34,58.76,-0.324198,-5.6693,-3.6714,-0.001817,1,0,0.3538,0.4182,0.228,53.85,46.15,5,-0.004737,1.1414,-0.012398,0.079131
19993,zigzag,"{""min_move_pct"": 5.0}",TOP,2022-06-07T20:00:00Z,1654632000,31589.6,8.1134,18,1654567200,29218.96,19,8.1134,8.1134,3618.87,0.023031,0.7373,1.2843,0.329032,0.473,0.014407,1.115,0.009139,73.56,20.58,73.56,52.98,0.142174,5.1479,2.6121,-0.000894,0,1,0.3941,0.3074,0.2985,36.84,63.16,5,0.002404,0.7278,0.005524,0.020627
19994,zigzag,"{""min_move_pct"": 5.0}",BOTTOM,2022-06-12T14:00:00Z,1655042400,26890.0,14.877,114,1654632000,31589.6,115,14.877,17.4771,2973.02,-3.1e-05,0.8969,1.2682,0.0232,0.49,-0.000208,1.0086,0.000912,45.89,23.75,74.11,50.36,0.070087,-0.072,-2.5867,-0.001817,1,0,0.4371,0.2688,0.294,53.04,46.96,1,-0.000988,0.6719,-0.001102,0.000958
19995,zigzag,"{""min_move_pct"": 5.0}",TOP,2022-06-12T15:00:00Z,1655046000,28347.89,5.4217,1,1655042400,26890.0,2,5.4217,5.4217,9306.71,-0.213831,1.2394,1.0,,0.4665,-0.001991,1.0,,52.27,45.89,52.27,6.38,0.129903,1.0227,-1.5184,-0.0009,0,0,0.4779,0.23,0.2921,0.0,100.0,2,0.009995,0.0,,
19996,zigzag,"{""min_move_pct"": 5.0}",BOTTOM,2022-06-13T03:00:00Z,1655089200,24900.0,12.1628,12,1655046000,28347.89,13,12.1628,13.8469,6905.09,0.137653,0.3816,1.7304,0.461171,0.4799,-0.004144,0.9823,-0.003582,23.1,18.8,52.81,34.01,-0.074116,-6.0459,-8.7717,-0.003188,1,0,0.542,0.1378,0.3202,76.92,23.08,1,-0.009102,0.8944,-0.00766,0.146756
19997,zigzag,"{""min_move_pct"": 5.0}",TOP,2022-06-13T04:00:00Z,1655092800,26257.31,5.451,1,1655089200,24900.0,2,5.451,5.451,13415.89,-0.48617,1.6423,1.0,,0.4805,0.037046,1.0,,22.18,22.18,23.1,0.92,-0.040674,-6.1485,-8.9841,-0.004018,1,0,0.1891,0.2959,0.515,50.0,50.0,1,-0.005109,0.0,,
19998,zigzag,"{""min_move_pct"": 5.0}",BOTTOM,2022-06-13T14:00:00Z,1655128800,22600.0,13.9287,10,1655092800,26257.31,11,13.9287,16.1828,12477.15,0.05298,0.769,1.0388,-0.117209,0.4782,-0.007115,0.9909,-0.005176,11.19,11.19,24.26,13.07,-0.071252,-9.7866,-15.2577,-0.008759,1,0,0.3241,0.2234,0.4526,90.91,9.09,8,-0.009981,1.2194,0.00253,0.06296
19999,zigzag,"{""min_move_pct"": 5.0}",TOP,2022-06-13T16:00:00Z,1655136000,24204.55,7.0998,2,1655128800,22600.0,3,7.0998,7.0998,14772.72,-0.246201,1.5196,1.0,,0.4798,0.086666,1.0,,30.68,11.19,30.68,19.49,0.459007,-4.6416,-11.132,-0.007772,1,0,0.5654,0.1751,0.2595,33.33,66.67,2,0.019958,0.0312,,
20000,zigzag,"{""min_move_pct"": 5.0}",BOTTOM,2022-06-14T02:00:00Z,1655172000,20846.0,13.8757,10,1655136000,24204.55,11,13.8757,16.1112,9412.07,0.138955,0.4791,1.507,0.608182,0.4882,-0.010849,0.9672,0.009226,26.34,14.38,30.68,16.31,0.000328,-7.0352,-15.5535,-0.008002,1,0,0.4795,0.2227,0.2978,72.73,27.27,1,-0.011476,1.9132,-0.011949,0.150432
20001,zigzag,"{""min_move_pct"": 5.0}",TOP,2022-06-14T05:00:00Z,1655182800,23362.88,12.0737,3,1655172000,20846.0,4,12.0737,12.0737,13943.13,-0.073122,1.1557,1.0,,0.5018,0.029,1.0,,43.01,26.34,43.01,16.68,0.142589,-0.5358,-9.698,-0.004517,1,0,0.5191,0.1457,0.3352,25.0,75.0,1,0.01559,1.8091,0.007885,-0.088712
20002,zigzag,"{""min_move_pct"": 5.0}",BOTTOM,2022-06-15T09:00:00Z,1655283600,20111.62,13.9163,28,1655182800,23362.88,29,13.9163,16.1661,6704.53,0.006186,1.0115,1.6267,0.200137,0.4948,-0.001798,0.9905,-0.005565,29.03,29.03,46.81,17.78,-0.074249,-6.7575,-9.5776,-0.003635,1,0,0.4751,0.2743,0.2506,58.62,41.38,3,-0.003255,1.2906,-0.004573,0.009441
20003,zigzag,"{""min_move_pct"": 5.0}",TOP,2022-06-15T13:00:00Z,1655298000,21798.95,8.3898,4,1655283600,20111.62,5,8.3898,8.3898,10182.32,-0.10948,1.3797,1.0,,0.4961,0.011911,1.0,,49.22,29.03,49.22,20.19,0.123361,0.622,-2.669,-0.003214,0,0,0.3803,0.1968,0.4229,20.0,80.0,4,0.015613,1.0066,-0.007423,-0.125093
20004,zigzag,"{""min_move_pct"": 5.0}",BOTTOM,2022-06-15T18:00:00Z,1655316000,20250.0,7.1056,5,1655298000,21798.95,6,7.1056,7.6491,9900.77,0.298005,0.4263,1.0421,1.044476,0.4889,-0.003773,0.9889,0.078823,50.54,40.44,50.54,10.1,0.01858,1.3622,-1.7788,-0.001544,0,0,0.4931,0.1997,0.3072,33.33,66.67,2,-0.001474,2.0831,0.022665,0.299479
20005,zigzag,"{""min_move_pct"": 5.0}",TOP,2022-06-16T01:00:00Z,1655341200,22995.73,13.5592,7,1655316000,20250.0,8,13.5592,13.5592,7896.43,-0.255441,2.0859,0.6164,0.519269,0.505,-0.001825,1.0089,-0.036406,57.56,50.54,62.47,11.94,0.00199,4.3496,2.5484,0.002636,0,1,0.3378,0.1831,0.4791,12.5,87.5,1,0.007528,1.0592,-0.010501,-0.262969
20006,zigzag,"{""min_move_pct"": 5.0}",BOTTOM,2022-06-16T23:00:00Z,1655420400,20232.0,12.0184,22,1655341200,22995.73,23,12.0184,13.6602,4135.75,0.007575,0.9226,0.9447,-0.085919,0.4815,-0.000341,0.9858,-0.00316,31.1,29.97,58.53,28.55,-0.053717,-3.6392,-4.6977,-0.004417,1,0,0.3584,0.2847,0.3569,73.91,26.09,1,-0.004009,0.6973,0.003173,0.011585
20007,zigzag,"{""min_move_pct"": 5.0}",TOP,2022-06-17T08:00:00Z,1655452800,21365.43,5.6022,9,1655420400,20232.0,10,5.6022,5.6022,4284.12,-0.032172,1.1865,0.9147,0.277489,0.4911,0.002528,1.0191,0.006328,51.76,30.55,52.43,21.88,0.059138,1.3034,-0.8133,-0.000468,0,0,0.4154,0.2013,0.3833,40.0,60.0,1,0.00354,1.1415,0.005621,-0.035712
20008,zigzag,"{""min_move_pct"": 5.0}",BOTTOM,2022-06-18T20:00:00Z,1655582400,17622.0,17.521,36,1655452800,21365.43,37,17.521,21.2429,5980.88,0.04234,0.3932,2.2037,0.077217,0.503,-0.000469,0.9177,-0.012399,16.54,16.54,52.79,36.25,-0.119261,-7.6627,-11.4884,-0.005963,1,0,0.4529,0.2529,0.2942,67.57,32.43,7,-0.004018,1.0505,-0.00503,0.046358
20009,zigzag,"{""min_move_pct"": 5.0}",TOP,2022-06-18T22:00:00Z,1655589600,19493.23,10.6187,2,1655582400,17622.0,3,10.6187,10.6187,15814.69,-0.411138,1.9348,1.0,,0.5146,0.098127,1.0,,48.13,16.54,48.13,31.59,0.47119,0.3035,-4.2705,-0.004115,0,0,0.5684,0.1541,0.2774,33.33,66.67,2,0.037232,0.1828,,
20010,zigzag,"{""min_move_pct"": 5.0}",BOTTOM,2022-06-19T05:00:00Z,1655614800,17960.41,7.8633,7,1655589600,19493.23,8,7.8633,8.5344,5403.56,-0.095221,1.4503,0.8537,0.280948,0.4808,-0.008955,0.9968,0.014707,36.03,36.03,48.13,12.11,-0.006414,-3.0859,-8.29,-0.00228,1,0,0.459,0.215,0.326,62.5,37.5,1,-0.007571,1.1487,0.00811,-0.08765
20011,zigzag,"{""min_move_pct"": 5.0}",TOP,2022-06-19T11:00:00Z,1655636400,20150.0,12.1912,6,1655614800,17960.41,7,12.1912,12.1912,6870.79,0.136804,0.5512,1.0963,0.404066,0.522,0.016263,1.0293,-0.157249,59.56,36.03,63.07,27.04,0.107672,5.6238,0.813,0.00065,0,1,0.5058,0.1451,0.3491,28.57,71.43,1,0.016482,1.805,0.015555,0.120323
20012,zigzag,"{""min_move_pct"": 5.0}",BOTTOM,2022-06-19T13:00:00Z,1655643600,19130.84,5.0579,2,1655636400,20150.0,3,5.0579,5.3273,5626.07,-0.167688,0.9998,1.0,,0.5022,-0.037922,1.0,,52.05,52.05,59.56,7.52,-0.067943,2.6219,-1.4211,0.001384,0,0,0.4144,0.1388,0.4468,100.0,0.0,3,-0.013052,0.4747,,
20013,zigzag,"{""min_move_pct"": 5.0}",TOP,2022-06-19T22:00:00Z,1655676000,20815.95,8.8083,9,1655643600,19130.84,10,8.8083,8.8083,4798.61,0.04277,0.6748,1.1942,0.006721,0.5154,-0.000141,1.012,-0.036291,64.31,52.05,65.34,13.29,0.006796,6.7626,6.8995,0.004608,0,1,0.5892,0.2202,0.1906,50.0,50.0,1,0.008121,1.7998,0.002727,0.034649
20014,zigzag,"{""min_move_pct"": 5.0}",BOTTOM,2022-06-20T01:00:00Z,1655686800,19637.03,5.6635,3,1655676000,20815.95,4,5.6635,6.0036,5231.34,0.142935,0.5998,1.0,,0.4904,-0.027851,1.0,,51.5,51.5,64.31,12.81,-0.078736,0.6959,2.3626,0.004613,0,1,0.579,0.2524,0.1686,75.0,25.0,3,-0.015841,0.7869,-0.007417,0.158776
20015,zigzag,"{""min_move_pct"": 5.0}",TOP,2022-06-20T15:00:00Z,1655737200,21090.0,7.3991,14,1655686800,19637.03,15,7.3991,7.3991,4908.5,0.020753,0.6322,1.0085,0.052415,0.4995,-0.003298,0.9562,-0.014772,61.4,51.5,64.56,13.07,0.001382,2.0976,6.6817,0.002088,0,1,0.358,0.3286,0.3135,46.67,53.33,1,0.003902,0.925,-0.001652,0.016851
20016,zigzag,"{""min_move_pct"": 5.0}",BOTTOM,2022-06-20T18:00:00Z,1655748000,19832.95,5.9604,3,1655737200,21090.0,4,5.9604,6.3382,4647.02,-0.091196,1.1294,1.0,,0.4821,-0.017982,1.0,,47.58,46.4,61.4,15.0,-0.089417,-1.3736,2.3382,-0.001153,0,0,0.4461,0.2875,0.2664,75.0,25.0,1,-0.013008,1.2188,0.029899,-0.078188
20017,zigzag,"{""min_move_pct"": 5.0}",TOP,2022-06-21T14:00:00Z,1655820000,21723.0,9.5298,20,1655748000,19832.95,21,9.5298,9.5298,4542.6,0.0397,0.6085,1.2868,0.038202,0.5046,-0.000934,0.9862,-0.006101,65.18,47.58,67.05,19.48,0.018842,3.455,5.4788,0.002595,0,1,0.4107,0.3314,0.2579,33.33,66.67,1,0.003257,0.9461,0.000153,0.036443
20018,zigzag,"{""min_move_pct"": 5.0}",BOTTOM,2022-06-22T20:00:00Z,1655928000,19770.51,8.9881,30,1655820000,21723.0,31,8.9881,9.8758,3875.86,0.010886,0.7945,1.0899,0.049124,0.4873,0.000469,0.9929,0.000909,36.98,34.77,65.18,30.41,-0.046448,-2.1824,-3.8622,-0.001638,1,0,0.4102,0.2916,0.2982,70.97,29.03,4,-0.001919,0.8707,0.003646,0.012805
20019,zigzag,"{""min_move_pct"": 5.0}",TOP,2022-06-26T12:00:00Z,1656244800,21888.0,10.7103,88,1655928000,19770.51,89,10.7103,10.7103,2803.72,-0.007078,1.5201,1.0591,-0.010781,0.4981,-0.000232,1.0089,0.000886,53.36,36.98,66.17,29.19,0.009586,0.2556,0.7897,0.001033,0,1,0.4447,0.2398,0.3155,51.69,48.31,1,0.000694,0.6638,-0.000866,-0.007772
20020,zigzag,"{""min_move_pct"": 5.0}",BOTTOM,2022-06-30T20:00:00Z,1656619200,18626.0,14.9031,104,1656244800,21888.0,105,14.9031,17.5132,3034.09,0.004015,0.8103,1.0695,0.008917,0.4904,-0.000122,1.0393,0.000483,24.79,18.9,59.8,40.9,-0.068855,-3.0528,-5.4723,-0.003146,1,0,0.4094,0.3116,0.279,55.24,44.76,5,-0.00107,0.6109,-0.00089,0.005086
20021,zigzag,"{""min_move_pct"": 5.0}",TOP,2022-07-01T00:00:00Z,1656633600,20918.35,12.3073,4,1656619200,18626.0,5,12.3073,12.3073,6972.85,0.405752,0.3824,1.0,,0.51,0.011085,1.0,,67.94,24.79,67.94,43.16,0.279945,5.5247,2.6244,-0.001527,0,1,0.4447,0.2043,0.3511,20.0,80.0,4,0.021719,2.1179,0.032128,0.384033
20022,zigzag,"{""min_move_pct"": 5.0}",BOTTOM,2022-07-03T04:00:00Z,1656820800,18781.0,10.2176,52,1656633600,20918.35,53,10.2176,11.3804,3195.21,-0.031045,2.3758,0.7086,0.045428,0.5071,0.000233,0.9843,-0.001145,49.08,40.78,69.53,28.75,0.017609,-0.0188,-0.2181,0.000194,1,0,0.3836,0.28,0.3363,56.6,43.4,1,-0.00051,0.6369,0.001732,-0.030535
20023,zigzag,"{""min_move_pct"": 5.0}",TOP,2022-07-05T00:00:00Z,1656979200,20478.4,9.0379,44,1656820800,18781.0,45,9.0379,9.0379,2810.07,0.014117,0.7088,1.2928,0.062352,0.5048,0.001329,1.0795,0.004378,75.07,36.91,75.07,38.16,0.049084,3.5983,5.2178,0.002728,0,1,0.4315,0.2575,0.311,42.22,57.78,4,0.001209,0.6037,0.002228,0.012908
20024,zigzag,"{""min_move_pct"": 5.0}",BOTTOM,2022-07-05T13:00:00Z,1657026000,19304.4,5.7329,13,1656979200,20478.4,14,5.7329,6.0815,3466.75,0.051594,0.641,1.2428,0.138543,0.4964,-0.009478,0.9896,0.03772,36.67,35.5,75.07,39.57,-0.066009,-2.9736,-0.9871,-0.000668,1,0,0.5548,0.225,0.2202,64.29,35.71,1,-0.004049,0.6159,-0.006882,0.055643
20025,zigzag,"{""min_move_pct"": 5.0}",TOP,2022-07-08T01:00:00Z,1657242000,22527.37,16.6955,60,1657026000,19304.4,61,16.6955,16.6955,3787.97,-0.000653,1.1265,0.9981,0.049179,0.5016,-0.000202,1.0345,0.001742,78.01,36.67,78.77,42.1,0.017138,5.1079,7.5966,0.003214,0,1,0.4089,0.3065,0.2846,39.34,60.66,2,0.001362,0.7512,0.001612,-0.002015
20026,zigzag,"{""min_move_pct"": 5.0}",BOTTOM,2022-07-13T12:00:00Z,1657713600,18910.94,16.0535,131,1657242000,22527.37,132,16.0535,19.1235,8635.84,-0.008494,1.8512,1.2419,0.017542,0.4935,-0.000271,0.9931,-0.000261,33.11,22.71,78.01,55.3,-0.092782,-1.9877,-3.5361,-0.000496,1,0,0.405,0.2979,0.297,54.55,45.45,1,-0.001016,0.635,-0.000617,-0.007478
20027,zigzag,"{""min_move_pct"": 5.0}",TOP,2022-07-18T15:00:00Z,1658156400,22777.63,20.4468,123,1657713600,18910.94,124,20.4468,20.4468,6991.61,-0.002601,1.2034,1.61,0.033024,0.503,0.000189,1.0215,0.000407,74.61,33.11,75.53,42.42,0.009798,4.5081,5.8615,0.003002,0,1,0.4285,0.2797,0.2918,48.39,51.61,2,0.000818,0.7749,-0.000184,-0.003418
20028,zigzag,"{""min_move_pct"": 5.0}",BOTTOM,2022-07-18T19:00:00Z,1658170800,21388.0,6.1009,4,1658156400,22777.63,5,6.1009,6.4972,11236.0,-0.033648,1.2464,1.0,,0.5052,-0.005595,1.0,,46.4,46.4,74.61,28.21,-0.114838,-1.2271,0.6353,0.00212,0,0,0.5979,0.1993,0.2028,80.0,20.0,4,-0.011275,0.6873,0.015143,-0.022373
20029,zigzag,"{""min_move_pct"": 5.0}",TOP,2022-07-19T00:00:00Z,1658188800,22961.72,7.358,5,1658170800,21388.0,6,7.358,7.358,11728.56,0.214266,0.5191,0.9893,1.03156,0.5116,0.007058,1.0021,-0.005085,60.07,43.96,62.07,18.1,0.087562,1.1731,3.6829,0.001883,0,1,0.4601,0.2426,0.2973,50.0,50.0,1,0.008603,1.251,0.011502,0.205663
20030,zigzag,"{""min_move_pct"": 5.0}",BOTTOM,2022-07-19T06:00:00Z,1658210400,21579.54,6.0195,6,1658188800,22961.72,7,6.0195,6.405,11852.08,-0.155607,1.7112,0.758,0.628432,0.5052,-0.000585,0.9956,0.031101,47.44,47.44,60.07,12.63,-0.023999,-1.1807,0.5634,-0.000791,0,0,0.3197,0.3432,0.337,71.43,28.57,1,-0.003369,0.6742,0.004138,-0.152238
20031,zigzag,"{""min_move_pct"": 5.0}",TOP,2022-07-20T15:00:00Z,1658329200,24276.74,12.4989,33,1658210400,21579.54,34,12.4989,12.4989,10286.37,-0.001326,1.1408,1.1662,0.027729,0.5046,0.000352,1.0086,0.002364,70.16,47.44,76.05,28.62,0.02752,2.582,6.1627,0.001274,0,1,0.3896,0.3014,0.309,41.18,58.82,1,0.002737,0.8183,-0.00382,-0.004063
20032,zigzag,"{""min_move_pct"": 5.0}",BOTTOM,2022-07-21T14:00:00Z,1658412000,22341.46,7.9717,23,1658329200,24276.74,24,7.9717,8.6623,8911.61,-0.014108,1.2371,1.1294,0.112184,0.5009,0.001202,1.0085,-0.001365,39.1,37.57,70.16,32.6,-0.013263,-1.9175,-3.0856,-0.002299,1,0,0.4721,0.2676,0.2603,62.5,37.5,2,-0.002314,0.9498,0.002896,-0.011794
20033,zigzag,"{""min_move_pct"": 5.0}",TOP,2022-07-22T13:00:00Z,1658494800,23756.49,6.3337,23,1658412000,22341.46,24,6.3337,6.3337,7210.66,-0.001685,1.0221,1.2496,0.165241,0.4974,-0.000168,1.0114,0.00727,57.79,39.1,63.42,24.33,-0.002058,1.0745,1.1428,0.001629,0,1,0.48,0.2206,0.2994,45.83,54.17,2,0.001298,0.644,0.000607,-0.002983
20034,zigzag,"{""min_move_pct"": 5.0}",BOTTOM,2022-07-26T15:00:00Z,1658847600,20706.5,12.8386,98,1658494800,23756.49,99,12.8386,14.7296,6331.78,0.003075,0.8023,1.3876,0.022719,0.4963,-0.000278,0.9868,-0.000832,23.16,23.16,62.6,39.43,-0.069653,-2.1137,-4.8689,-0.00223,1,0,0.3963,0.311,0.2928,54.55,45.45,1,-0.000862,0.6022,-0.001262,0.003938
20035,zigzag,"{""min_move_pct"": 5.0}",TOP,2022-07-30T13:00:00Z,1659186000,24668.0,19.1317,94,1658847600,20706.5,95,19.1317,19.1317,8389.87,-0.000866,1.026,1.0161,-0.025856,0.5019,0.00025,1.021,0.000463,69.97,23.16,85.98,62.81,0.080447,2.375,2.709,0.000504,0,1,0.4011,0.3335,0.2654,45.26,54.74,3,0.00168,0.7651,-0.002593,-0.002547
20036,zigzag,"{""min_move_pct"": 5.0}",BOTTOM,2022-08-04T18:00:00Z,1659636000,22400.0,9.1941,125,1659186000,24668.0,126,9.1941,10.125,6236.05,0.001428,0.9122,1.4253,0.001455,0.4951,-7.2e-05,0.9754,0.000184,33.23,29.31,69.97,40.66,-0.083707,-1.6293,-2.2345,-0.001296,1,0,0.4126,0.3018,0.2856,50.79,49.21,1,-0.000389,0.5482,0.00091,0.001817
20037,zigzag,"{""min_move_pct"": 5.0}",TOP,2022-08-08T12:00:00Z,1659960000,24245.0,8.2366,90,1659636000,22400.0,91,8.2366,8.2366,5206.94,-0.003062,1.2216,1.7046,0.039253,0.5022,0.000208,1.023,0.000636,76.84,30.95,82.7,51.75,-0.014812,2.5197,3.7218,0.002174,0,1,0.4302,0.2617,0.308,41.76,58.24,1,0.000322,0.43,0.000296,-0.003384
20038,zigzag,"{""min_move_pct"": 5.0}",BOTTOM,2022-08-10T00:00:00Z,1660089600,22664.69,6.5181,36,1659960000,24245.0,37,6.5181,6.9726,6534.58,-0.004454,0.8876,0.8435,0.045199,0.4949,-0.000157,0.9974,0.001231,22.8,22.8,77.62,54.82,-0.066091,-2.1842,-3.4594,-0.001554,1,0,0.3324,0.3848,0.2828,67.57,32.43,3,-0.001495,0.4335,-0.001007,-0.002958
20039,zigzag,"{""min_move_pct"": 5.0}",TOP,2022-08-11T12:00:00Z,1660219200,24918.54,9.9443,36,1660089600,22664.69,37,9.9443,9.9443,9406.61,0.012906,0.8806,1.1295,-0.033623,0.5019,0.000137,0.9934,-0.000851,72.87,22.8,75.42,52.61,0.019636,2.5669,5.263,0.001192,0,1,0.4429,0.2787,0.2785,40.54,59.46,3,0.002358,0.7869,-0.001184,0.010548
20040,zigzag,"{""min_move_pct"": 5.0}",BOTTOM,2022-08-12T11:00:00Z,1660302000,23583.0,5.3596,23,1660219200,24918.54,24,5.3596,5.6631,8995.79,-0.043739,1.5786,0.8686,0.142588,0.4961,-0.000977,0.9848,-0.002308,34.27,34.27,72.87,38.6,-0.060766,-1.42,-1.7609,-0.001642,1,0,0.3566,0.3599,0.2835,58.33,41.67,2,-0.001512,0.43,0.002356,-0.042226
20041,zigzag,"{""min_move_pct"": 5.0}",TOP,2022-08-15T03:00:00Z,1660532400,25211.32,6.9046,64,1660302000,23583.0,65,6.9046,6.9046,6961.84,-0.000647,1.0791,1.5212,0.035027,0.501,-0.000274,1.0072,0.000537,65.15,34.27,75.03,40.76,0.112524,1.5415,1.3803,0.000112,0,1,0.4193,0.3115,0.2693,40.0,60.0,1,0.00028,0.4032,-0.001077,-0.000927
20042,zigzag,"{""min_move_pct"": 5.0}",BOTTOM,2022-08-20T21:00:00Z,1661029200,20761.9,17.6485,138,1660532400,25211.32,139,17.6485,21.4307,8630.48,-0.000181,1.0238,1.1671,0.009058,0.4987,-2.9e-05,0.9994,-9.5e-05,43.44,11.11,67.17,56.06,-0.019506,-0.3248,-2.3985,0.000108,1,0,0.4154,0.2935,0.2911,53.96,46.04,1,-0.001164,0.6175,-0.001561,0.000983
20043,zigzag,"{""min_move_pct"": 5.0}",TOP,2022-08-24T16:00:00Z,1661356800,21900.0,5.4817,91,1661029200,20761.9,92,5.4817,5.4817,8060.32,0.002005,1.0022,1.2434,-0.014064,0.5026,-0.000107,0.9991,0.000568,65.65,33.21,65.65,32.43,0.04597,1.4408,1.6888,0.000138,0,1,0.3911,0.2711,0.3378,46.74,53.26,3,6.8e-05,0.4359,0.000241,0.001937
20044,zigzag,"{""min_move_pct"": 5.0}",BOTTOM,2022-08-28T23:00:00Z,1661727600,19520.0,10.8676,103,1661356800,21900.0,104,10.8676,12.1926,7676.97,-0.002069,1.358,0.9883,-0.025189,0.498,0.000134,0.9968,-1.8e-05,22.95,22.95,65.65,42.7,-0.122417,-2.0756,-2.5151,-0.000337,1,0,0.4059,0.2731,0.321,59.62,40.38,3,-0.001096,0.5398,7.6e-05,-0.000973
20045,zigzag,"{""min_move_pct"": 5.0}",TOP,2022-08-30T07:00:00Z,1661842800,20576.25,5.4111,32,1661727600,19520.0,33,5.4111,5.4111,8960.75,-0.004269,1.1675,1.0229,-0.023028,0.4993,0.000227,1.0101,-0.001849,64.5,22.95,68.86,45.91,0.006006,0.9732,2.0048,0.001485,0,1,0.4497,0.2621,0.2881,39.39,60.61,1,0.001239,0.379,-0.00074,-0.005508
20046,zigzag,"{""min_move_pct"": 5.0}",BOTTOM,2022-09-07T02:00:00Z,1662516000,18510.77,10.0382,187,1661842800,20576.25,188,10.0382,11.1583,10006.68,0.000138,1.1328,1.2046,0.016168,0.4974,-7.6e-05,0.9252,-0.000103,22.59,19.93,68.85,48.92,-0.026547,-3.94,-5.183,-0.002633,1,0,0.3936,0.3097,0.2967,50.53,49.47,2,-0.000189,0.525,-0.00019,0.000326
20047,zigzag,"{""min_move_pct"": 5.0}",TOP,2022-09-13T12:00:00Z,1663070400,22799.0,23.1661,154,1662516000,18510.77,155,23.1661,23.1661,13956.0,0.002151,0.9433,1.5671,-0.000554,0.5024,0.000125,1.0342,0.000107,30.01,22.59,85.58,62.99,-0.072017,-4.0229,-2.8936,4.6e-05,1,0,0.4257,0.2705,0.3037,42.58,57.42,2,0.001266,0.7108,-0.001349,0.000884
20048,zigzag,"{""min_move_pct"": 5.0}",BOTTOM,2022-09-19T06:00:00Z,1663567200,18232.56,20.0291,138,1663070400,22799.0,139,20.0291,25.0455,12563.91,-0.004626,1.388,1.4055,0.012895,0.4962,-0.000147,0.9537,-0.000415,15.84,14.94,67.2,52.26,-0.017147,-4.8871,-6.4768,-0.003393,1,0,0.3978,0.3317,0.2705,55.4,44.6,1,-0.000344,0.6079,0.00038,-0.004282
20049,zigzag,"{""min_move_pct"": 5.0}",TOP,2022-09-21T18:00:00Z,1663783200,19956.0,9.4525,60,1663567200,18232.56,61,9.4525,9.4525,14731.97,0.000416,0.941,1.799,0.037001,0.4982,-0.000152,1.0067,0.000885,64.01,15.14,74.03,58.88,0.048749,2.7199,2.3287,0.001447,0,1,0.4345,0.3038,0.2617,49.18,50.82,1,0.000167,0.8024,-0.000845,0.000249
20050,zigzag,"{""min_move_pct"": 5.0}",BOTTOM,2022-09-21T22:00:00Z,1663797600,18125.98,9.1703,4,1663783200,19956.0,5,9.1703,10.0961,30661.09,-0.328683,2.524,1.0,,0.4839,-0.010065,1.0,,36.49,35.87,64.01,28.14,-0.143446,-3.0714,-3.42,-0.000544,1,0,0.4434,0.4592,0.0974,80.0,20.0,1,-0.014962,1.3885,0.02113,-0.313722
20051,zigzag,"{""min_move_pct"": 5.0}",TOP,2022-09-22T23:00:00Z,1663887600,19550.17,7.8572,25,1663797600,18125.98,26,7.8572,7.8572,15881.65,-1.7e-05,0.9025,0.8779,-0.036047,0.5016,0.000186,0.9986,-0.001504,61.35,34.77,61.35,26.57,0.00934,1.672,2.0478,0.001864,0,1,0.3904,0.2848,0.3248,42.31,57.69,2,0.001823,0.6309,-0.002112,-0.001839
20052,zigzag,"{""min_move_pct"": 5.0}",BOTTOM,2022-09-23T14:00:00Z,1663941600,18531.42,5.211,15,1663887600,19550.17,16,5.211,5.4974,14688.09,0.049864,0.6344,1.3254,0.114134,0.5008,0.001183,1.0087,0.003092,33.9,32.15,61.35,29.19,-0.054669,-2.5857,-1.9875,-0.000782,1,0,0.4109,0.2489,0.3402,56.25,43.75,1,-0.002622,0.4716,-0.004194,0.052486
20053,zigzag,"{""min_move_pct"": 5.0}",TOP,2022-09-27T12:00:00Z,1664280000,20385.86,10.007,94,1663941600,18531.42,95,10.007,10.007,14279.0,0.00719,0.6317,1.4937,0.044275,0.502,-4.7e-05,1.0167,0.001467,77.79,33.03,79.26,46.23,0.00799,2.6253,5.1753,0.002789,0,1,0.3924,0.2994,0.3083,47.37,52.63,4,0.000444,0.5513,0.001472,0.006745
20054,zigzag,"{""min_move_pct"": 5.0}",BOTTOM,2022-09-28T02:00:00Z,1664330400,18471.28,9.3917,14,1664280000,20385.86,15,9.3917,10.3652,26113.48,-0.036229,1.5922,0.8082,-0.031619,0.4911,-0.002389,1.0011,0.00228,27.69,27.69,77.79,50.09,-0.057195,-4.6291,-3.7818,-0.002958,1,0,0.3916,0.3457,0.2627,66.67,33.33,2,-0.005076,1.1664,0.010656,-0.031153
20055,zigzag,"{""min_move_pct"": 5.0}",TOP,2022-09-30T15:00:00Z,1664550000,20185.0,9.2778,61,1664330400,18471.28,62,9.2778,9.2778,19323.71,-0.002267,1.07,1.6539,0.028964,0.4999,-4.8e-05,0.9907,-0.000889,57.94,27.69,66.88,39.19,0.07359,1.2403,1.5545,0.000801,0,1,0.4448,0.2736,0.2816,45.16,54.84,1,0.000543,0.6997,-0.001024,-0.002811
20056,zigzag,"{""min_move_pct"": 5.0}",BOTTOM,2022-10-02T23:00:00Z,1664751600,18920.35,6.2653,56,1664550000,20185.0,57,6.2653,6.6841,9518.2,-0.012599,1.3838,1.3747,0.091052,0.4977,0.000536,0.9979,-0.002292,34.23,28.28,57.94,29.67,-0.090462,-0.7898,-1.165,-0.000359,1,0,0.2962,0.4009,0.3029,63.16,36.84,4,-0.000354,0.2458,0.000372,-0.012245
20057,zigzag,"{""min_move_pct"": 5.0}",TOP,2022-10-04T20:00:00Z,1664913600,20475.0,8.2168,45,1664751600,18920.35,46,8.2168,8.2168,13496.73,0.005278,0.9365,1.228,0.040422,0.5026,0.000403,1.0105,-0.000469,76.04,34.23,76.04,41.81,0.042214,2.05,3.9572,0.001528,0,1,0.4314,0.2822,0.2864,39.13,60.87,4,0.001336,0.4158,0.000564,0.003943
20058,zigzag,"{""min_move_pct"": 5.0}",BOTTOM,2022-10-13T12:00:00Z,1665662400,18190.0,11.16,208,1664913600,20475.0,209,11.16,12.5618,9367.58,-0.001099,1.0945,2.2687,0.018971,0.4988,-5.2e-05,0.984,-2.2e-05,15.5,15.5,76.04,60.54,-0.192508,-3.3681,-3.5629,-0.001054,1,0,0.3945,0.3095,0.296,49.76,50.24,1,-0.000344,0.3743,0.000217,-0.000755
20059,zigzag,"{""min_move_pct"": 5.0}",TOP,2022-10-14T01:00:00Z,1665709200,19951.87,9.6859,13,1665662400,18190.0,14,9.6859,9.6859,22389.28,-0.097065,2.2672,0.5499,0.137161,0.5105,0.004115,1.0207,-0.005966,74.05,15.5,74.05,58.55,0.02732,4.0928,3.9754,0.001057,0,1,0.4261,0.2292,0.3447,28.57,71.43,2,0.005056,0.9715,-0.007176,-0.102122
20060,zigzag,"{""min_move_pct"": 5.0}",BOTTOM,2022-10-21T12:00:00Z,1666353600,18650.0,6.5251,179,1665709200,19951.87,180,6.5251,6.9805,8860.84,-0.000436,0.9487,1.4756,0.007013,0.4982,-4.1e-05,0.979,-0.00027,31.38,30.73,74.83,44.1,-0.049259,-0.8074,-1.2088,-0.000741,1,0,0.3862,0.3397,0.2741,55.0,45.0,3,-8e-05,0.3241,-0.000212,-0.000355
20061,zigzag,"{""min_move_pct"": 5.0}",TOP,2022-11-05T03:00:00Z,1667617200,21480.65,15.1777,351,1666353600,18650.0,352,15.1777,15.1777,12138.82,0.001614,0.8893,1.1111,0.000136,0.4988,2.4e-05,0.9986,-6e-05,72.07,28.8,90.41,61.61,0.008918,2.1614,4.2335,0.002148,0,1,0.3954,0.3109,0.2936,47.73,52.27,2,0.000228,0.4074,-0.000587,0.001386
20062,zigzag,"{""min_move_pct"": 5.0}",BOTTOM,2022-11-08T15:00:00Z,1667919600,19229.0,10.4822,84,1667617200,21480.65,85,10.4822,11.7097,14117.6,0.014028,0.4903,1.6108,0.01855,0.4962,-0.000221,0.9972,4.8e-05,29.0,19.5,72.07,52.56,-0.015301,-2.4686,-5.0367,-0.002949,1,0,0.4348,0.2952,0.2701,51.76,48.24,1,-0.000965,0.4734,-0.001639,0.014992
20063,zigzag,"{""min_move_pct"": 5.0}",TOP,2022-11-08T16:00:00Z,1667923200,20700.88,7.6545,1,1667919600,19229.0,2,7.6545,7.6545,49723.45,0.829293,0.4138,1.0,,0.5071,0.013951,1.0,,56.61,29.0,56.61,27.62,0.645116,1.8889,-0.8188,-0.001083,0,0,0.521,0.3288,0.1502,0.0,100.0,2,0.04262,0.0,,
20064,zigzag,"{""min_move_pct"": 5.0}",BOTTOM,2022-11-08T19:00:00Z,1667934000,17166.83,17.072,3,1667923200,20700.88,4,17.072,20.5865,71177.92,0.097145,0.7263,1.0,,0.4949,-0.008383,1.0,,27.0,27.0,56.61,29.62,-0.256034,-7.4053,-10.4554,-0.004646,1,0,0.6192,0.2334,0.1474,75.0,25.0,3,-0.037014,1.319,0.033131,0.134159
20065,zigzag,"{""min_move_pct"": 5.0}",TOP,2022-11-08T22:00:00Z,1667944800,18730.0,9.1058,3,1667934000,17166.83,4,9.1058,9.1058,40010.37,-0.566666,3.521,1.0,,0.4954,0.00519,1.0,,34.42,26.25,36.79,10.54,0.105436,-4.8638,-8.7163,-0.005299,1,0,0.4932,0.3725,0.1343,75.0,25.0,1,0.00626,1.8653,-0.007733,-0.572926
20066,zigzag,"{""min_move_pct"": 5.0}",BOTTOM,2022-11-09T23:00:00Z,1668034800,15588.0,16.7752,25,1667944800,18730.0,26,16.7752,20.1565,29252.89,0.025148,0.7353,0.9998,-0.103697,0.4918,-0.001009,0.9918,-0.000991,22.71,18.29,38.17,19.87,-0.031372,-7.9096,-14.2241,-0.00669,1,0,0.4153,0.3119,0.2728,69.23,30.77,2,-0.006173,1.2476,-0.00796,0.031321
20067,zigzag,"{""min_move_pct"": 5.0}",TOP,2022-11-10T20:00:00Z,1668110400,18199.0,16.7501,21,1668034800,15588.0,22,16.7501,16.7501,27019.24,-0.001393,0.8709,0.8434,-0.003301,0.4945,0.002584,1.0134,-0.000473,63.76,22.71,63.76,41.05,0.009708,6.7817,4.4952,0.004651,0,1,0.4239,0.2852,0.2909,36.36,63.64,3,0.004907,1.8314,0.002245,-0.0063
20068,zigzag,"{""min_move_pct"": 5.0}",BOTTOM,2022-11-14T05:00:00Z,1668402000,15815.21,13.0985,81,1668110400,18199.0,82,13.0985,15.0728,10888.12,-0.011384,1.7788,1.2282,0.045507,0.4993,-0.000296,0.9798,0.000281,21.32,21.32,63.76,42.44,-0.031922,-3.3092,-4.7663,-0.001899,1,0,0.3629,0.3761,0.261,58.54,41.46,3,-0.000857,0.5932,0.000111,-0.010526
20069,zigzag,"{""min_move_pct"": 5.0}",TOP,2022-11-14T13:00:00Z,1668430800,17190.0,8.6928,8,1668402000,15815.21,9,8.6928,8.6928,19455.35,0.003783,1.3528,0.8644,0.163346,0.5013,-0.002012,0.9996,0.003663,55.78,21.32,60.5,39.18,-0.006101,1.6054,0.4853,0.000569,0,1,0.355,0.3293,0.3157,55.56,44.44,1,0.0039,1.6578,-0.017528,-0.000116
20070,zigzag,"{""min_move_pct"": 5.0}",BOTTOM,2022-11-14T19:00:00Z,1668452400,16181.0,5.8697,6,1668430800,17190.0,7,5.8697,6.2357,18592.94,-0.202477,2.0576,0.7215,0.381766,0.4976,-0.001347,0.9989,-0.00382,40.02,40.02,55.78,15.76,-0.033032,-1.3779,-2.0896,0.000279,1,0,0.3733,0.362,0.2648,71.43,28.57,1,-0.003047,0.9003,0.000355,-0.199429
20071,zigzag,"{""min_move_pct"": 5.0}",TOP,2022-11-15T13:00:00Z,1668517200,17134.69,5.8939,18,1668452400,16181.0,19,5.8939,5.8939,11402.72,0.009512,0.9675,1.1517,0.109258,0.5,-1.5e-05,0.9942,-0.001604,61.49,40.02,61.49,21.47,0.016216,1.9609,2.6208,0.000922,0,1,0.5007,0.1941,0.3052,31.58,68.42,2,0.002022,0.5777,-0.003252,0.00749
20072,zigzag,"{""min_move_pct"": 5.0}",BOTTOM,2022-11-21T21:00:00Z,1669064400,15476.0,9.6803,152,1668517200,17134.69,153,9.6803,10.7178,9212.27,-0.001501,1.3326,1.7474,0.023543,0.4962,-4.8e-05,0.9851,-8.2e-05,24.51,15.67,69.39,53.72,-0.080346,-2.4095,-4.3249,-0.001524,1,0,0.3615,0.3328,0.3057,54.25,45.75,1,-0.000252,0.3994,-0.000502,-0.001249
